<metadata xml:lang="en"><Esri><CreaDate>20220729</CreaDate><CreaTime>14200800</CreaTime><ArcGISFormat>1.0</ArcGISFormat><SyncOnce>FALSE</SyncOnce><DataProperties><lineage><Process ToolSource="c:\program files\arcgis\pro\Resources\ArcToolbox\toolboxes\Data Management Tools.tbx\CreateFeatureclass" Date="20210902" Time="151608">CreateFeatureclass E:\GitHub\UDOT-Segment-Factors\results\layers Master_Segs_with_Factors_20210902.shp Polyline # No No "PROJCS["NAD_1983_UTM_Zone_12N",GEOGCS["GCS_North_American_1983",DATUM["D_North_American_1983",SPHEROID["GRS_1980",6378137.0,298.257222101]],PRIMEM["Greenwich",0.0],UNIT["Degree",0.0174532925199433]],PROJECTION["Transverse_Mercator"],PARAMETER["False_Easting",500000.0],PARAMETER["False_Northing",0.0],PARAMETER["Central_Meridian",-111.0],PARAMETER["Scale_Factor",0.9996],PARAMETER["Latitude_Of_Origin",0.0],UNIT["Meter",1.0]];-5120900 -9998100 10000;-100000 10000;-100000 10000;0.001;0.001;0.001;IsHighPrecision" # 0 0 0 #</Process><Process ToolSource="c:\program files\arcgis\pro\Resources\ArcToolbox\Toolboxes\Data Management Tools.tbx\Rename" Date="20210902" Time="151919">Rename E:\GitHub\UDOT-Segment-Factors\results\layers\Master_Segs_with_Factors_20210902.shp E:\GitHub\UDOT-Segment-Factors\results\layers\Master_Segs_withFactors_20210902.shp ShapeFile</Process><Process ToolSource="c:\program files\arcgis\pro\Resources\ArcToolbox\toolboxes\Conversion Tools.tbx\FeatureClassToFeatureClass" Date="20211109" Time="074310">FeatureClassToFeatureClass Master_Segs_withFactors_20210902 "K:\TDM\0 - ModelDev\1 - Official Release\v8.3.2\WF TDM v8.3.2 - 2021-10-23\1_Inputs\6_Segment" Master_Segs_withFactors_20211109.shp # "Id "Id" true true false 6 Long 0 6,First,#,Master_Segs_withFactors_20210902,Id,-1,-1;SEGID "SEGID" true true false 22 Text 0 0,First,#,Master_Segs_withFactors_20210902,SEGID,0,22;BMP "BMP" true true false 19 Double 0 0,First,#,Master_Segs_withFactors_20210902,BMP,-1,-1;EMP "EMP" true true false 19 Double 0 0,First,#,Master_Segs_withFactors_20210902,EMP,-1,-1;DISTANCE "DISTANCE" true true false 19 Double 0 0,First,#,Master_Segs_withFactors_20210902,DISTANCE,-1,-1;FULLNAME "FULLNAME" true true false 66 Text 0 0,First,#,Master_Segs_withFactors_20210902,FULLNAME,0,66;FNCLASS "FNCLASS" true true false 16 Text 0 0,First,#,Master_Segs_withFactors_20210902,FNCLASS,0,16;FC_CODE "FC_CODE" true true false 10 Long 0 10,First,#,Master_Segs_withFactors_20210902,FC_CODE,-1,-1;FC_GROUP "FC_GROUP" true true false 24 Text 0 0,First,#,Master_Segs_withFactors_20210902,FC_GROUP,0,24;FC_NAME "FC_NAME" true true false 66 Text 0 0,First,#,Master_Segs_withFactors_20210902,FC_NAME,0,66;CO_FIPS "CO_FIPS" true true false 10 Long 0 10,First,#,Master_Segs_withFactors_20210902,CO_FIPS,-1,-1;CO_NAME "CO_NAME" true true false 20 Text 0 0,First,#,Master_Segs_withFactors_20210902,CO_NAME,0,20;PLANAREA "PLANAREA" true true false 10 Text 0 0,First,#,Master_Segs_withFactors_20210902,PLANAREA,0,10;X "X" true true false 19 Double 0 0,First,#,Master_Segs_withFactors_20210902,X,-1,-1;Y "Y" true true false 19 Double 0 0,First,#,Master_Segs_withFactors_20210902,Y,-1,-1;ONLRS "ONLRS" true true false 6 Text 0 0,First,#,Master_Segs_withFactors_20210902,ONLRS,0,6;T_MODEL "T_MODEL" true true false 6 Text 0 0,First,#,Master_Segs_withFactors_20210902,T_MODEL,0,6;USE "USE" true true false 10 Long 0 10,First,#,Master_Segs_withFactors_20210902,USE,-1,-1;RT_NUM "RT_NUM" true true false 10 Long 0 10,First,#,Master_Segs_withFactors_20210902,RT_NUM,-1,-1;AADT2019 "AADT2019" true true false 19 Double 0 0,First,#,Master_Segs_withFactors_20210902,AADT2019,-1,-1;AADT2018 "AADT2018" true true false 19 Double 0 0,First,#,Master_Segs_withFactors_20210902,AADT2018,-1,-1;AADT2017 "AADT2017" true true false 19 Double 0 0,First,#,Master_Segs_withFactors_20210902,AADT2017,-1,-1;AADT2016 "AADT2016" true true false 19 Double 0 0,First,#,Master_Segs_withFactors_20210902,AADT2016,-1,-1;AADT2015 "AADT2015" true true false 19 Double 0 0,First,#,Master_Segs_withFactors_20210902,AADT2015,-1,-1;AADT2014 "AADT2014" true true false 19 Double 0 0,First,#,Master_Segs_withFactors_20210902,AADT2014,-1,-1;AADT2013 "AADT2013" true true false 19 Double 0 0,First,#,Master_Segs_withFactors_20210902,AADT2013,-1,-1;AADT2012 "AADT2012" true true false 19 Double 0 0,First,#,Master_Segs_withFactors_20210902,AADT2012,-1,-1;AADT2011 "AADT2011" true true false 19 Double 0 0,First,#,Master_Segs_withFactors_20210902,AADT2011,-1,-1;AADT2010 "AADT2010" true true false 19 Double 0 0,First,#,Master_Segs_withFactors_20210902,AADT2010,-1,-1;AADT2009 "AADT2009" true true false 19 Double 0 0,First,#,Master_Segs_withFactors_20210902,AADT2009,-1,-1;AADT2008 "AADT2008" true true false 19 Double 0 0,First,#,Master_Segs_withFactors_20210902,AADT2008,-1,-1;AADT2007 "AADT2007" true true false 19 Double 0 0,First,#,Master_Segs_withFactors_20210902,AADT2007,-1,-1;AADT2006 "AADT2006" true true false 19 Double 0 0,First,#,Master_Segs_withFactors_20210902,AADT2006,-1,-1;AADT2005 "AADT2005" true true false 19 Double 0 0,First,#,Master_Segs_withFactors_20210902,AADT2005,-1,-1;AADT2004 "AADT2004" true true false 19 Double 0 0,First,#,Master_Segs_withFactors_20210902,AADT2004,-1,-1;AADT2003 "AADT2003" true true false 19 Double 0 0,First,#,Master_Segs_withFactors_20210902,AADT2003,-1,-1;AADT2002 "AADT2002" true true false 19 Double 0 0,First,#,Master_Segs_withFactors_20210902,AADT2002,-1,-1;AADT2001 "AADT2001" true true false 19 Double 0 0,First,#,Master_Segs_withFactors_20210902,AADT2001,-1,-1;AADT2000 "AADT2000" true true false 19 Double 0 0,First,#,Master_Segs_withFactors_20210902,AADT2000,-1,-1;AADT1999 "AADT1999" true true false 19 Double 0 0,First,#,Master_Segs_withFactors_20210902,AADT1999,-1,-1;AADT1998 "AADT1998" true true false 19 Double 0 0,First,#,Master_Segs_withFactors_20210902,AADT1998,-1,-1;AADT1997 "AADT1997" true true false 19 Double 0 0,First,#,Master_Segs_withFactors_20210902,AADT1997,-1,-1;AADT1996 "AADT1996" true true false 19 Double 0 0,First,#,Master_Segs_withFactors_20210902,AADT1996,-1,-1;AADT1994 "AADT1994" true true false 19 Double 0 0,First,#,Master_Segs_withFactors_20210902,AADT1994,-1,-1;AADT1993 "AADT1993" true true false 19 Double 0 0,First,#,Master_Segs_withFactors_20210902,AADT1993,-1,-1;AADT1992 "AADT1992" true true false 19 Double 0 0,First,#,Master_Segs_withFactors_20210902,AADT1992,-1,-1;AADT1991 "AADT1991" true true false 19 Double 0 0,First,#,Master_Segs_withFactors_20210902,AADT1991,-1,-1;AADT1990 "AADT1990" true true false 19 Double 0 0,First,#,Master_Segs_withFactors_20210902,AADT1990,-1,-1;AADT1989 "AADT1989" true true false 19 Double 0 0,First,#,Master_Segs_withFactors_20210902,AADT1989,-1,-1;AADT1988 "AADT1988" true true false 19 Double 0 0,First,#,Master_Segs_withFactors_20210902,AADT1988,-1,-1;AADT1987 "AADT1987" true true false 19 Double 0 0,First,#,Master_Segs_withFactors_20210902,AADT1987,-1,-1;AADT1986 "AADT1986" true true false 19 Double 0 0,First,#,Master_Segs_withFactors_20210902,AADT1986,-1,-1;AADT1985 "AADT1985" true true false 19 Double 0 0,First,#,Master_Segs_withFactors_20210902,AADT1985,-1,-1;AADT1984 "AADT1984" true true false 19 Double 0 0,First,#,Master_Segs_withFactors_20210902,AADT1984,-1,-1;AADT1983 "AADT1983" true true false 19 Double 0 0,First,#,Master_Segs_withFactors_20210902,AADT1983,-1,-1;AADT1982 "AADT1982" true true false 19 Double 0 0,First,#,Master_Segs_withFactors_20210902,AADT1982,-1,-1;AADT1981 "AADT1981" true true false 19 Double 0 0,First,#,Master_Segs_withFactors_20210902,AADT1981,-1,-1;CCSGROUP "CCSGROUP" true true false 6 Text 0 0,First,#,Master_Segs_withFactors_20210902,CCSGROUP,0,6;FAC_MON "FAC_MON" true true false 19 Double 0 0,First,#,Master_Segs_withFactors_20210902,FAC_MON,-1,-1;FAC_TUE "FAC_TUE" true true false 19 Double 0 0,First,#,Master_Segs_withFactors_20210902,FAC_TUE,-1,-1;FAC_WED "FAC_WED" true true false 19 Double 0 0,First,#,Master_Segs_withFactors_20210902,FAC_WED,-1,-1;FAC_THU "FAC_THU" true true false 19 Double 0 0,First,#,Master_Segs_withFactors_20210902,FAC_THU,-1,-1;FAC_FRI "FAC_FRI" true true false 19 Double 0 0,First,#,Master_Segs_withFactors_20210902,FAC_FRI,-1,-1;FAC_SAT "FAC_SAT" true true false 19 Double 0 0,First,#,Master_Segs_withFactors_20210902,FAC_SAT,-1,-1;FAC_SUN "FAC_SUN" true true false 19 Double 0 0,First,#,Master_Segs_withFactors_20210902,FAC_SUN,-1,-1;FAC_WDAVG "FAC_WDAVG" true true false 19 Double 0 0,First,#,Master_Segs_withFactors_20210902,FAC_WDAVG,-1,-1;FAC_WEAVG "FAC_WEAVG" true true false 19 Double 0 0,First,#,Master_Segs_withFactors_20210902,FAC_WEAVG,-1,-1;FAC_WEMAX "FAC_WEMAX" true true false 19 Double 0 0,First,#,Master_Segs_withFactors_20210902,FAC_WEMAX,-1,-1;FAC_JAN "FAC_JAN" true true false 19 Double 0 0,First,#,Master_Segs_withFactors_20210902,FAC_JAN,-1,-1;FAC_FEB "FAC_FEB" true true false 19 Double 0 0,First,#,Master_Segs_withFactors_20210902,FAC_FEB,-1,-1;FAC_MAR "FAC_MAR" true true false 19 Double 0 0,First,#,Master_Segs_withFactors_20210902,FAC_MAR,-1,-1;FAC_APR "FAC_APR" true true false 19 Double 0 0,First,#,Master_Segs_withFactors_20210902,FAC_APR,-1,-1;FAC_MAY "FAC_MAY" true true false 19 Double 0 0,First,#,Master_Segs_withFactors_20210902,FAC_MAY,-1,-1;FAC_JUN "FAC_JUN" true true false 19 Double 0 0,First,#,Master_Segs_withFactors_20210902,FAC_JUN,-1,-1;FAC_JUL "FAC_JUL" true true false 19 Double 0 0,First,#,Master_Segs_withFactors_20210902,FAC_JUL,-1,-1;FAC_AUG "FAC_AUG" true true false 19 Double 0 0,First,#,Master_Segs_withFactors_20210902,FAC_AUG,-1,-1;FAC_SEP "FAC_SEP" true true false 19 Double 0 0,First,#,Master_Segs_withFactors_20210902,FAC_SEP,-1,-1;FAC_OCT "FAC_OCT" true true false 19 Double 0 0,First,#,Master_Segs_withFactors_20210902,FAC_OCT,-1,-1;FAC_NOV "FAC_NOV" true true false 19 Double 0 0,First,#,Master_Segs_withFactors_20210902,FAC_NOV,-1,-1;FAC_DEC "FAC_DEC" true true false 19 Double 0 0,First,#,Master_Segs_withFactors_20210902,FAC_DEC,-1,-1;FAC_WIN "FAC_WIN" true true false 19 Double 0 0,First,#,Master_Segs_withFactors_20210902,FAC_WIN,-1,-1;FAC_SPR "FAC_SPR" true true false 19 Double 0 0,First,#,Master_Segs_withFactors_20210902,FAC_SPR,-1,-1;FAC_SUM "FAC_SUM" true true false 19 Double 0 0,First,#,Master_Segs_withFactors_20210902,FAC_SUM,-1,-1;FAC_FAL "FAC_FAL" true true false 19 Double 0 0,First,#,Master_Segs_withFactors_20210902,FAC_FAL,-1,-1;FAC_MAXMO "FAC_MAXMO" true true false 10 Long 0 10,First,#,Master_Segs_withFactors_20210902,FAC_MAXMO,-1,-1;FAC_MAX "FAC_MAX" true true false 19 Double 0 0,First,#,Master_Segs_withFactors_20210902,FAC_MAX,-1,-1;FACMANADJ "FACMANADJ" true true false 10 Long 0 10,First,#,Master_Segs_withFactors_20210902,FACMANADJ,-1,-1;SUTRUCKS "SUTRUCKS" true true false 19 Double 0 0,First,#,Master_Segs_withFactors_20210902,SUTRUCKS,-1,-1;CUTRUCKS "CUTRUCKS" true true false 19 Double 0 0,First,#,Master_Segs_withFactors_20210902,CUTRUCKS,-1,-1" #</Process><Process ToolSource="c:\program files\arcgis\pro\Resources\ArcToolbox\toolboxes\Conversion Tools.tbx\FeatureClassToFeatureClass" Date="20220728" Time="160210">FeatureClassToFeatureClass Master_Segs_withFactors_20211110 Q:\projects\2180_HPMS_USTM\HPMS_2022\HPMS_Samples_2022.gdb Master_Segs_withFactors_20220728 # "Id "Id" true true false 6 Long 0 6,First,#,Master_Segs_withFactors_20211110,Id,-1,-1;SEGID "SEGID" true true false 22 Text 0 0,First,#,Master_Segs_withFactors_20211110,SEGID,0,22;BMP "BMP" true true false 19 Double 0 0,First,#,Master_Segs_withFactors_20211110,BMP,-1,-1;EMP "EMP" true true false 19 Double 0 0,First,#,Master_Segs_withFactors_20211110,EMP,-1,-1;DISTANCE "DISTANCE" true true false 19 Double 0 0,First,#,Master_Segs_withFactors_20211110,DISTANCE,-1,-1;FULLNAME "FULLNAME" true true false 66 Text 0 0,First,#,Master_Segs_withFactors_20211110,FULLNAME,0,66;FNCLASS "FNCLASS" true true false 16 Text 0 0,First,#,Master_Segs_withFactors_20211110,FNCLASS,0,16;FC_CODE "FC_CODE" true true false 10 Long 0 10,First,#,Master_Segs_withFactors_20211110,FC_CODE,-1,-1;FC_GROUP "FC_GROUP" true true false 24 Text 0 0,First,#,Master_Segs_withFactors_20211110,FC_GROUP,0,24;FC_NAME "FC_NAME" true true false 66 Text 0 0,First,#,Master_Segs_withFactors_20211110,FC_NAME,0,66;CO_FIPS "CO_FIPS" true true false 10 Long 0 10,First,#,Master_Segs_withFactors_20211110,CO_FIPS,-1,-1;CO_NAME "CO_NAME" true true false 20 Text 0 0,First,#,Master_Segs_withFactors_20211110,CO_NAME,0,20;PLANAREA "PLANAREA" true true false 10 Text 0 0,First,#,Master_Segs_withFactors_20211110,PLANAREA,0,10;X "X" true true false 19 Double 0 0,First,#,Master_Segs_withFactors_20211110,X,-1,-1;Y "Y" true true false 19 Double 0 0,First,#,Master_Segs_withFactors_20211110,Y,-1,-1;ONLRS "ONLRS" true true false 6 Text 0 0,First,#,Master_Segs_withFactors_20211110,ONLRS,0,6;T_MODEL "T_MODEL" true true false 6 Text 0 0,First,#,Master_Segs_withFactors_20211110,T_MODEL,0,6;USE "USE" true true false 10 Long 0 10,First,#,Master_Segs_withFactors_20211110,USE,-1,-1;RT_NUM "RT_NUM" true true false 10 Long 0 10,First,#,Master_Segs_withFactors_20211110,RT_NUM,-1,-1;AADT2019 "AADT2019" true true false 19 Double 0 0,First,#,Master_Segs_withFactors_20211110,AADT2019,-1,-1;AADT2018 "AADT2018" true true false 19 Double 0 0,First,#,Master_Segs_withFactors_20211110,AADT2018,-1,-1;AADT2017 "AADT2017" true true false 19 Double 0 0,First,#,Master_Segs_withFactors_20211110,AADT2017,-1,-1;AADT2016 "AADT2016" true true false 19 Double 0 0,First,#,Master_Segs_withFactors_20211110,AADT2016,-1,-1;AADT2015 "AADT2015" true true false 19 Double 0 0,First,#,Master_Segs_withFactors_20211110,AADT2015,-1,-1;AADT2014 "AADT2014" true true false 19 Double 0 0,First,#,Master_Segs_withFactors_20211110,AADT2014,-1,-1;AADT2013 "AADT2013" true true false 19 Double 0 0,First,#,Master_Segs_withFactors_20211110,AADT2013,-1,-1;AADT2012 "AADT2012" true true false 19 Double 0 0,First,#,Master_Segs_withFactors_20211110,AADT2012,-1,-1;AADT2011 "AADT2011" true true false 19 Double 0 0,First,#,Master_Segs_withFactors_20211110,AADT2011,-1,-1;AADT2010 "AADT2010" true true false 19 Double 0 0,First,#,Master_Segs_withFactors_20211110,AADT2010,-1,-1;AADT2009 "AADT2009" true true false 19 Double 0 0,First,#,Master_Segs_withFactors_20211110,AADT2009,-1,-1;AADT2008 "AADT2008" true true false 19 Double 0 0,First,#,Master_Segs_withFactors_20211110,AADT2008,-1,-1;AADT2007 "AADT2007" true true false 19 Double 0 0,First,#,Master_Segs_withFactors_20211110,AADT2007,-1,-1;AADT2006 "AADT2006" true true false 19 Double 0 0,First,#,Master_Segs_withFactors_20211110,AADT2006,-1,-1;AADT2005 "AADT2005" true true false 19 Double 0 0,First,#,Master_Segs_withFactors_20211110,AADT2005,-1,-1;AADT2004 "AADT2004" true true false 19 Double 0 0,First,#,Master_Segs_withFactors_20211110,AADT2004,-1,-1;AADT2003 "AADT2003" true true false 19 Double 0 0,First,#,Master_Segs_withFactors_20211110,AADT2003,-1,-1;AADT2002 "AADT2002" true true false 19 Double 0 0,First,#,Master_Segs_withFactors_20211110,AADT2002,-1,-1;AADT2001 "AADT2001" true true false 19 Double 0 0,First,#,Master_Segs_withFactors_20211110,AADT2001,-1,-1;AADT2000 "AADT2000" true true false 19 Double 0 0,First,#,Master_Segs_withFactors_20211110,AADT2000,-1,-1;AADT1999 "AADT1999" true true false 19 Double 0 0,First,#,Master_Segs_withFactors_20211110,AADT1999,-1,-1;AADT1998 "AADT1998" true true false 19 Double 0 0,First,#,Master_Segs_withFactors_20211110,AADT1998,-1,-1;AADT1997 "AADT1997" true true false 19 Double 0 0,First,#,Master_Segs_withFactors_20211110,AADT1997,-1,-1;AADT1996 "AADT1996" true true false 19 Double 0 0,First,#,Master_Segs_withFactors_20211110,AADT1996,-1,-1;AADT1994 "AADT1994" true true false 19 Double 0 0,First,#,Master_Segs_withFactors_20211110,AADT1994,-1,-1;AADT1993 "AADT1993" true true false 19 Double 0 0,First,#,Master_Segs_withFactors_20211110,AADT1993,-1,-1;AADT1992 "AADT1992" true true false 19 Double 0 0,First,#,Master_Segs_withFactors_20211110,AADT1992,-1,-1;AADT1991 "AADT1991" true true false 19 Double 0 0,First,#,Master_Segs_withFactors_20211110,AADT1991,-1,-1;AADT1990 "AADT1990" true true false 19 Double 0 0,First,#,Master_Segs_withFactors_20211110,AADT1990,-1,-1;AADT1989 "AADT1989" true true false 19 Double 0 0,First,#,Master_Segs_withFactors_20211110,AADT1989,-1,-1;AADT1988 "AADT1988" true true false 19 Double 0 0,First,#,Master_Segs_withFactors_20211110,AADT1988,-1,-1;AADT1987 "AADT1987" true true false 19 Double 0 0,First,#,Master_Segs_withFactors_20211110,AADT1987,-1,-1;AADT1986 "AADT1986" true true false 19 Double 0 0,First,#,Master_Segs_withFactors_20211110,AADT1986,-1,-1;AADT1985 "AADT1985" true true false 19 Double 0 0,First,#,Master_Segs_withFactors_20211110,AADT1985,-1,-1;AADT1984 "AADT1984" true true false 19 Double 0 0,First,#,Master_Segs_withFactors_20211110,AADT1984,-1,-1;AADT1983 "AADT1983" true true false 19 Double 0 0,First,#,Master_Segs_withFactors_20211110,AADT1983,-1,-1;AADT1982 "AADT1982" true true false 19 Double 0 0,First,#,Master_Segs_withFactors_20211110,AADT1982,-1,-1;AADT1981 "AADT1981" true true false 19 Double 0 0,First,#,Master_Segs_withFactors_20211110,AADT1981,-1,-1;CCSGROUP "CCSGROUP" true true false 6 Text 0 0,First,#,Master_Segs_withFactors_20211110,CCSGROUP,0,6;FAC_MON "FAC_MON" true true false 19 Double 0 0,First,#,Master_Segs_withFactors_20211110,FAC_MON,-1,-1;FAC_TUE "FAC_TUE" true true false 19 Double 0 0,First,#,Master_Segs_withFactors_20211110,FAC_TUE,-1,-1;FAC_WED "FAC_WED" true true false 19 Double 0 0,First,#,Master_Segs_withFactors_20211110,FAC_WED,-1,-1;FAC_THU "FAC_THU" true true false 19 Double 0 0,First,#,Master_Segs_withFactors_20211110,FAC_THU,-1,-1;FAC_FRI "FAC_FRI" true true false 19 Double 0 0,First,#,Master_Segs_withFactors_20211110,FAC_FRI,-1,-1;FAC_SAT "FAC_SAT" true true false 19 Double 0 0,First,#,Master_Segs_withFactors_20211110,FAC_SAT,-1,-1;FAC_SUN "FAC_SUN" true true false 19 Double 0 0,First,#,Master_Segs_withFactors_20211110,FAC_SUN,-1,-1;FAC_WDAVG "FAC_WDAVG" true true false 19 Double 0 0,First,#,Master_Segs_withFactors_20211110,FAC_WDAVG,-1,-1;FAC_WEAVG "FAC_WEAVG" true true false 19 Double 0 0,First,#,Master_Segs_withFactors_20211110,FAC_WEAVG,-1,-1;FAC_WEMAX "FAC_WEMAX" true true false 19 Double 0 0,First,#,Master_Segs_withFactors_20211110,FAC_WEMAX,-1,-1;FAC_JAN "FAC_JAN" true true false 19 Double 0 0,First,#,Master_Segs_withFactors_20211110,FAC_JAN,-1,-1;FAC_FEB "FAC_FEB" true true false 19 Double 0 0,First,#,Master_Segs_withFactors_20211110,FAC_FEB,-1,-1;FAC_MAR "FAC_MAR" true true false 19 Double 0 0,First,#,Master_Segs_withFactors_20211110,FAC_MAR,-1,-1;FAC_APR "FAC_APR" true true false 19 Double 0 0,First,#,Master_Segs_withFactors_20211110,FAC_APR,-1,-1;FAC_MAY "FAC_MAY" true true false 19 Double 0 0,First,#,Master_Segs_withFactors_20211110,FAC_MAY,-1,-1;FAC_JUN "FAC_JUN" true true false 19 Double 0 0,First,#,Master_Segs_withFactors_20211110,FAC_JUN,-1,-1;FAC_JUL "FAC_JUL" true true false 19 Double 0 0,First,#,Master_Segs_withFactors_20211110,FAC_JUL,-1,-1;FAC_AUG "FAC_AUG" true true false 19 Double 0 0,First,#,Master_Segs_withFactors_20211110,FAC_AUG,-1,-1;FAC_SEP "FAC_SEP" true true false 19 Double 0 0,First,#,Master_Segs_withFactors_20211110,FAC_SEP,-1,-1;FAC_OCT "FAC_OCT" true true false 19 Double 0 0,First,#,Master_Segs_withFactors_20211110,FAC_OCT,-1,-1;FAC_NOV "FAC_NOV" true true false 19 Double 0 0,First,#,Master_Segs_withFactors_20211110,FAC_NOV,-1,-1;FAC_DEC "FAC_DEC" true true false 19 Double 0 0,First,#,Master_Segs_withFactors_20211110,FAC_DEC,-1,-1;FAC_WIN "FAC_WIN" true true false 19 Double 0 0,First,#,Master_Segs_withFactors_20211110,FAC_WIN,-1,-1;FAC_SPR "FAC_SPR" true true false 19 Double 0 0,First,#,Master_Segs_withFactors_20211110,FAC_SPR,-1,-1;FAC_SUM "FAC_SUM" true true false 19 Double 0 0,First,#,Master_Segs_withFactors_20211110,FAC_SUM,-1,-1;FAC_FAL "FAC_FAL" true true false 19 Double 0 0,First,#,Master_Segs_withFactors_20211110,FAC_FAL,-1,-1;FAC_MAXMO "FAC_MAXMO" true true false 10 Long 0 10,First,#,Master_Segs_withFactors_20211110,FAC_MAXMO,-1,-1;FAC_MAX "FAC_MAX" true true false 19 Double 0 0,First,#,Master_Segs_withFactors_20211110,FAC_MAX,-1,-1;FACMANADJ "FACMANADJ" true true false 10 Long 0 10,First,#,Master_Segs_withFactors_20211110,FACMANADJ,-1,-1;SUTRUCKS "SUTRUCKS" true true false 19 Double 0 0,First,#,Master_Segs_withFactors_20211110,SUTRUCKS,-1,-1;CUTRUCKS "CUTRUCKS" true true false 19 Double 0 0,First,#,Master_Segs_withFactors_20211110,CUTRUCKS,-1,-1" #</Process><Process ToolSource="c:\program files\arcgis\pro\Resources\ArcToolbox\toolboxes\Data Management Tools.tbx\UpdateSchema" Date="20220729" Time="101555">UpdateSchema "CIMDATA=&lt;CIMStandardDataConnection xsi:type='typens:CIMStandardDataConnection' xmlns:xsi='http://www.w3.org/2001/XMLSchema-instance' xmlns:xs='http://www.w3.org/2001/XMLSchema' xmlns:typens='http://www.esri.com/schemas/ArcGIS/2.9.0'&gt;&lt;WorkspaceConnectionString&gt;DATABASE=Q:\projects\2180_HPMS_USTM\HPMS_2022\HPMS_Samples_2022.gdb&lt;/WorkspaceConnectionString&gt;&lt;WorkspaceFactory&gt;FileGDB&lt;/WorkspaceFactory&gt;&lt;Dataset&gt;Master_Segs_withFactors_20220728&lt;/Dataset&gt;&lt;DatasetType&gt;esriDTFeatureClass&lt;/DatasetType&gt;&lt;/CIMStandardDataConnection&gt;" &lt;operationSequence&gt;&lt;workflow&gt;&lt;AddField&gt;&lt;field_name&gt;F2050&lt;/field_name&gt;&lt;field_type&gt;LONG&lt;/field_type&gt;&lt;field_alias&gt;F2050&lt;/field_alias&gt;&lt;field_is_nullable&gt;True&lt;/field_is_nullable&gt;&lt;field_is_required&gt;False&lt;/field_is_required&gt;&lt;/AddField&gt;&lt;/workflow&gt;&lt;workflow&gt;&lt;AddField&gt;&lt;field_name&gt;F2040&lt;/field_name&gt;&lt;field_type&gt;LONG&lt;/field_type&gt;&lt;field_alias&gt;F2040&lt;/field_alias&gt;&lt;field_is_nullable&gt;True&lt;/field_is_nullable&gt;&lt;field_is_required&gt;False&lt;/field_is_required&gt;&lt;/AddField&gt;&lt;/workflow&gt;&lt;workflow&gt;&lt;AddField&gt;&lt;field_name&gt;F2030&lt;/field_name&gt;&lt;field_type&gt;LONG&lt;/field_type&gt;&lt;field_alias&gt;F2030&lt;/field_alias&gt;&lt;field_is_nullable&gt;True&lt;/field_is_nullable&gt;&lt;field_is_required&gt;False&lt;/field_is_required&gt;&lt;/AddField&gt;&lt;/workflow&gt;&lt;workflow&gt;&lt;AddField&gt;&lt;field_name&gt;F2024&lt;/field_name&gt;&lt;field_type&gt;LONG&lt;/field_type&gt;&lt;field_alias&gt;F2024&lt;/field_alias&gt;&lt;field_is_nullable&gt;True&lt;/field_is_nullable&gt;&lt;field_is_required&gt;False&lt;/field_is_required&gt;&lt;/AddField&gt;&lt;/workflow&gt;&lt;workflow&gt;&lt;AddField&gt;&lt;field_name&gt;CH40TO50&lt;/field_name&gt;&lt;field_type&gt;LONG&lt;/field_type&gt;&lt;field_alias&gt;CH40TO50&lt;/field_alias&gt;&lt;field_is_nullable&gt;True&lt;/field_is_nullable&gt;&lt;field_is_required&gt;False&lt;/field_is_required&gt;&lt;/AddField&gt;&lt;/workflow&gt;&lt;workflow&gt;&lt;AddField&gt;&lt;field_name&gt;CH30TO40&lt;/field_name&gt;&lt;field_type&gt;LONG&lt;/field_type&gt;&lt;field_alias&gt;CH30TO40&lt;/field_alias&gt;&lt;field_is_nullable&gt;True&lt;/field_is_nullable&gt;&lt;field_is_required&gt;False&lt;/field_is_required&gt;&lt;/AddField&gt;&lt;/workflow&gt;&lt;workflow&gt;&lt;AddField&gt;&lt;field_name&gt;CH24TO30&lt;/field_name&gt;&lt;field_type&gt;LONG&lt;/field_type&gt;&lt;field_alias&gt;CH24TO30&lt;/field_alias&gt;&lt;field_is_nullable&gt;True&lt;/field_is_nullable&gt;&lt;field_is_required&gt;False&lt;/field_is_required&gt;&lt;/AddField&gt;&lt;/workflow&gt;&lt;workflow&gt;&lt;AddField&gt;&lt;field_name&gt;CH19TO24&lt;/field_name&gt;&lt;field_type&gt;LONG&lt;/field_type&gt;&lt;field_alias&gt;CH19TO24&lt;/field_alias&gt;&lt;field_is_nullable&gt;True&lt;/field_is_nullable&gt;&lt;field_is_required&gt;False&lt;/field_is_required&gt;&lt;/AddField&gt;&lt;/workflow&gt;&lt;workflow&gt;&lt;AddField&gt;&lt;field_name&gt;CH19TO50&lt;/field_name&gt;&lt;field_type&gt;LONG&lt;/field_type&gt;&lt;field_alias&gt;CH19TO50&lt;/field_alias&gt;&lt;field_is_nullable&gt;True&lt;/field_is_nullable&gt;&lt;field_is_required&gt;False&lt;/field_is_required&gt;&lt;/AddField&gt;&lt;/workflow&gt;&lt;workflow&gt;&lt;AddField&gt;&lt;field_name&gt;FNOTES&lt;/field_name&gt;&lt;field_type&gt;LONG&lt;/field_type&gt;&lt;field_alias&gt;FNOTES&lt;/field_alias&gt;&lt;field_is_nullable&gt;True&lt;/field_is_nullable&gt;&lt;field_is_required&gt;False&lt;/field_is_required&gt;&lt;/AddField&gt;&lt;/workflow&gt;&lt;/operationSequence&gt;</Process><Process ToolSource="c:\program files\arcgis\pro\Resources\ArcToolbox\toolboxes\Data Management Tools.tbx\UpdateSchema" Date="20220729" Time="115651">UpdateSchema "CIMDATA=&lt;CIMStandardDataConnection xsi:type='typens:CIMStandardDataConnection' xmlns:xsi='http://www.w3.org/2001/XMLSchema-instance' xmlns:xs='http://www.w3.org/2001/XMLSchema' xmlns:typens='http://www.esri.com/schemas/ArcGIS/2.9.0'&gt;&lt;WorkspaceConnectionString&gt;DATABASE=Q:\projects\2180_HPMS_USTM\HPMS_2022\HPMS_Samples_2022.gdb&lt;/WorkspaceConnectionString&gt;&lt;WorkspaceFactory&gt;FileGDB&lt;/WorkspaceFactory&gt;&lt;Dataset&gt;Master_Segs_withFactors_20220728&lt;/Dataset&gt;&lt;DatasetType&gt;esriDTFeatureClass&lt;/DatasetType&gt;&lt;/CIMStandardDataConnection&gt;" &lt;operationSequence&gt;&lt;workflow&gt;&lt;DeleteField&gt;&lt;field_name&gt;FNOTES&lt;/field_name&gt;&lt;/DeleteField&gt;&lt;/workflow&gt;&lt;workflow&gt;&lt;AddField&gt;&lt;field_name&gt;FNOTES&lt;/field_name&gt;&lt;field_type&gt;TEXT&lt;/field_type&gt;&lt;field_length&gt;255&lt;/field_length&gt;&lt;field_alias&gt;FNOTES&lt;/field_alias&gt;&lt;field_is_nullable&gt;True&lt;/field_is_nullable&gt;&lt;field_is_required&gt;False&lt;/field_is_required&gt;&lt;/AddField&gt;&lt;/workflow&gt;&lt;/operationSequence&gt;</Process><Process ToolSource="c:\program files\arcgis\pro\Resources\ArcToolbox\toolboxes\Data Management Tools.tbx\UpdateSchema" Date="20220729" Time="115711">UpdateSchema "CIMDATA=&lt;CIMStandardDataConnection xsi:type='typens:CIMStandardDataConnection' xmlns:xsi='http://www.w3.org/2001/XMLSchema-instance' xmlns:xs='http://www.w3.org/2001/XMLSchema' xmlns:typens='http://www.esri.com/schemas/ArcGIS/2.9.0'&gt;&lt;WorkspaceConnectionString&gt;DATABASE=Q:\projects\2180_HPMS_USTM\HPMS_2022\HPMS_Samples_2022.gdb&lt;/WorkspaceConnectionString&gt;&lt;WorkspaceFactory&gt;FileGDB&lt;/WorkspaceFactory&gt;&lt;Dataset&gt;Master_Segs_withFactors_20220728&lt;/Dataset&gt;&lt;DatasetType&gt;esriDTFeatureClass&lt;/DatasetType&gt;&lt;/CIMStandardDataConnection&gt;" &lt;operationSequence&gt;&lt;workflow&gt;&lt;AlterField&gt;&lt;field_name&gt;FNOTES&lt;/field_name&gt;&lt;new_field_name&gt;FORNOTES&lt;/new_field_name&gt;&lt;field_type&gt;TEXT&lt;/field_type&gt;&lt;field_is_nullable&gt;True&lt;/field_is_nullable&gt;&lt;clear_field_alias&gt;False&lt;/clear_field_alias&gt;&lt;/AlterField&gt;&lt;/workflow&gt;&lt;/operationSequence&gt;</Process><Process ToolSource="c:\program files\arcgis\pro\Resources\ArcToolbox\toolboxes\Data Management Tools.tbx\UpdateSchema" Date="20220729" Time="134113">UpdateSchema "CIMDATA=&lt;CIMStandardDataConnection xsi:type='typens:CIMStandardDataConnection' xmlns:xsi='http://www.w3.org/2001/XMLSchema-instance' xmlns:xs='http://www.w3.org/2001/XMLSchema' xmlns:typens='http://www.esri.com/schemas/ArcGIS/2.9.0'&gt;&lt;WorkspaceConnectionString&gt;DATABASE=Q:\projects\2180_HPMS_USTM\HPMS_2022\HPMS_Samples_2022.gdb&lt;/WorkspaceConnectionString&gt;&lt;WorkspaceFactory&gt;FileGDB&lt;/WorkspaceFactory&gt;&lt;Dataset&gt;Master_Segs_withFactors_20220728&lt;/Dataset&gt;&lt;DatasetType&gt;esriDTFeatureClass&lt;/DatasetType&gt;&lt;/CIMStandardDataConnection&gt;" "&lt;operationSequence&gt;&lt;workflow&gt;&lt;AddField&gt;&lt;field_name&gt;ForecastSource&lt;/field_name&gt;&lt;field_type&gt;TEXT&lt;/field_type&gt;&lt;field_length&gt;255&lt;/field_length&gt;&lt;field_alias&gt;Forecast Source&lt;/field_alias&gt;&lt;field_is_nullable&gt;True&lt;/field_is_nullable&gt;&lt;field_is_required&gt;False&lt;/field_is_required&gt;&lt;/AddField&gt;&lt;/workflow&gt;&lt;/operationSequence&gt;"</Process><Process ToolSource="c:\program files\arcgis\pro\Resources\ArcToolbox\toolboxes\Data Management Tools.tbx\CalculateField" Date="20220729" Time="134231">CalculateField Master_Segs_withFactors_20220728 ForecastSource "Utah_Statewide_Traffic_Volume_Historic_and_Forecast 20220728" "Python 3" # Text NO_ENFORCE_DOMAINS</Process><Process ToolSource="c:\program files\arcgis\pro\Resources\ArcToolbox\toolboxes\Data Management Tools.tbx\CalculateField" Date="20220729" Time="140515">CalculateField Master_Segs_withFactors_20220728 ForecastSource "Master_Segs_20210420_Forecast20200522" "Python 3" # Text NO_ENFORCE_DOMAINS</Process><Process ToolSource="c:\program files\arcgis\pro\Resources\ArcToolbox\toolboxes\Data Management Tools.tbx\CopyMultiple" Date="20220729" Time="142008">CopyMultiple "Q:\projects\2180_HPMS_USTM\HPMS_2022\HPMS_Samples_2022.gdb\Master_Segs_withFactors_20220728 FeatureClass" Q:\projects\2180_HPMS_USTM\HPMS_2022\HPMS_Samples_2022.gdb Master_Segs_withFactors_20220728_1 "Master_Segs_withFactors_20220728 FeatureClass Master_Segs_withFactors_20220728_1 #"</Process><Process ToolSource="c:\program files\arcgis\pro\Resources\ArcToolbox\toolboxes\Data Management Tools.tbx\Rename" Date="20220729" Time="142018">Rename Q:\projects\2180_HPMS_USTM\HPMS_2022\HPMS_Samples_2022.gdb\Master_Segs_withFactors_20220728_1 Q:\projects\2180_HPMS_USTM\HPMS_2022\HPMS_Samples_2022.gdb\Master_Segs_withFactors_20220729 FeatureClass</Process><Process ToolSource="c:\program files\arcgis\pro\Resources\ArcToolbox\toolboxes\Data Management Tools.tbx\Rename" Date="20220729" Time="142049">Rename Q:\projects\2180_HPMS_USTM\HPMS_2022\HPMS_Samples_2022.gdb\Master_Segs_withFactors_20220729 Q:\projects\2180_HPMS_USTM\HPMS_2022\HPMS_Samples_2022.gdb\Master_Segs_withFactors_20220729_Forecast_20220728 FeatureClass</Process><Process ToolSource="c:\program files\arcgis\pro\Resources\ArcToolbox\toolboxes\Data Management Tools.tbx\UpdateSchema" Date="20220729" Time="142240">UpdateSchema "CIMDATA=&lt;CIMStandardDataConnection xsi:type='typens:CIMStandardDataConnection' xmlns:xsi='http://www.w3.org/2001/XMLSchema-instance' xmlns:xs='http://www.w3.org/2001/XMLSchema' xmlns:typens='http://www.esri.com/schemas/ArcGIS/2.9.0'&gt;&lt;WorkspaceConnectionString&gt;DATABASE=Q:\projects\2180_HPMS_USTM\HPMS_2022\HPMS_Samples_2022.gdb&lt;/WorkspaceConnectionString&gt;&lt;WorkspaceFactory&gt;FileGDB&lt;/WorkspaceFactory&gt;&lt;Dataset&gt;Master_Segs_withFactors_20220729_Forecast_20220728&lt;/Dataset&gt;&lt;DatasetType&gt;esriDTFeatureClass&lt;/DatasetType&gt;&lt;/CIMStandardDataConnection&gt;" &lt;operationSequence&gt;&lt;workflow&gt;&lt;DeleteField&gt;&lt;field_name&gt;F2030&lt;/field_name&gt;&lt;field_name&gt;F2024&lt;/field_name&gt;&lt;field_name&gt;CH40TO50&lt;/field_name&gt;&lt;field_name&gt;CH30TO40&lt;/field_name&gt;&lt;field_name&gt;CH24TO30&lt;/field_name&gt;&lt;field_name&gt;CH19TO24&lt;/field_name&gt;&lt;field_name&gt;CH19TO50&lt;/field_name&gt;&lt;/DeleteField&gt;&lt;/workflow&gt;&lt;/operationSequence&gt;</Process><Process ToolSource="c:\program files\arcgis\pro\Resources\ArcToolbox\toolboxes\Conversion Tools.tbx\FeatureClassToFeatureClass" Date="20220801" Time="092033">FeatureClassToFeatureClass Master_Segs_withFactors_20220729 Q:\projects\2180_HPMS_USTM\HPMS_2022\Transfers Master_Segs_withFactors_20220729.shp # "Id "Id" true true false 4 Long 0 0,First,#,Master_Segs_withFactors_20220729,Id,-1,-1;SEGID "SEGID" true true false 22 Text 0 0,First,#,Master_Segs_withFactors_20220729,SEGID,0,22;BMP "BMP" true true false 8 Double 0 0,First,#,Master_Segs_withFactors_20220729,BMP,-1,-1;EMP "EMP" true true false 8 Double 0 0,First,#,Master_Segs_withFactors_20220729,EMP,-1,-1;DISTANCE "DISTANCE" true true false 8 Double 0 0,First,#,Master_Segs_withFactors_20220729,DISTANCE,-1,-1;FULLNAME "FULLNAME" true true false 66 Text 0 0,First,#,Master_Segs_withFactors_20220729,FULLNAME,0,66;FNCLASS "FNCLASS" true true false 16 Text 0 0,First,#,Master_Segs_withFactors_20220729,FNCLASS,0,16;FC_CODE "FC_CODE" true true false 4 Long 0 0,First,#,Master_Segs_withFactors_20220729,FC_CODE,-1,-1;FC_GROUP "FC_GROUP" true true false 24 Text 0 0,First,#,Master_Segs_withFactors_20220729,FC_GROUP,0,24;FC_NAME "FC_NAME" true true false 66 Text 0 0,First,#,Master_Segs_withFactors_20220729,FC_NAME,0,66;CO_FIPS "CO_FIPS" true true false 4 Long 0 0,First,#,Master_Segs_withFactors_20220729,CO_FIPS,-1,-1;CO_NAME "CO_NAME" true true false 20 Text 0 0,First,#,Master_Segs_withFactors_20220729,CO_NAME,0,20;PLANAREA "PLANAREA" true true false 10 Text 0 0,First,#,Master_Segs_withFactors_20220729,PLANAREA,0,10;X "X" true true false 8 Double 0 0,First,#,Master_Segs_withFactors_20220729,X,-1,-1;Y "Y" true true false 8 Double 0 0,First,#,Master_Segs_withFactors_20220729,Y,-1,-1;ONLRS "ONLRS" true true false 6 Text 0 0,First,#,Master_Segs_withFactors_20220729,ONLRS,0,6;T_MODEL "T_MODEL" true true false 6 Text 0 0,First,#,Master_Segs_withFactors_20220729,T_MODEL,0,6;USE "USE" true true false 4 Long 0 0,First,#,Master_Segs_withFactors_20220729,USE,-1,-1;RT_NUM "RT_NUM" true true false 4 Long 0 0,First,#,Master_Segs_withFactors_20220729,RT_NUM,-1,-1;AADT2019 "AADT2019" true true false 8 Double 0 0,First,#,Master_Segs_withFactors_20220729,AADT2019,-1,-1;AADT2018 "AADT2018" true true false 8 Double 0 0,First,#,Master_Segs_withFactors_20220729,AADT2018,-1,-1;AADT2017 "AADT2017" true true false 8 Double 0 0,First,#,Master_Segs_withFactors_20220729,AADT2017,-1,-1;AADT2016 "AADT2016" true true false 8 Double 0 0,First,#,Master_Segs_withFactors_20220729,AADT2016,-1,-1;AADT2015 "AADT2015" true true false 8 Double 0 0,First,#,Master_Segs_withFactors_20220729,AADT2015,-1,-1;AADT2014 "AADT2014" true true false 8 Double 0 0,First,#,Master_Segs_withFactors_20220729,AADT2014,-1,-1;AADT2013 "AADT2013" true true false 8 Double 0 0,First,#,Master_Segs_withFactors_20220729,AADT2013,-1,-1;AADT2012 "AADT2012" true true false 8 Double 0 0,First,#,Master_Segs_withFactors_20220729,AADT2012,-1,-1;AADT2011 "AADT2011" true true false 8 Double 0 0,First,#,Master_Segs_withFactors_20220729,AADT2011,-1,-1;AADT2010 "AADT2010" true true false 8 Double 0 0,First,#,Master_Segs_withFactors_20220729,AADT2010,-1,-1;AADT2009 "AADT2009" true true false 8 Double 0 0,First,#,Master_Segs_withFactors_20220729,AADT2009,-1,-1;AADT2008 "AADT2008" true true false 8 Double 0 0,First,#,Master_Segs_withFactors_20220729,AADT2008,-1,-1;AADT2007 "AADT2007" true true false 8 Double 0 0,First,#,Master_Segs_withFactors_20220729,AADT2007,-1,-1;AADT2006 "AADT2006" true true false 8 Double 0 0,First,#,Master_Segs_withFactors_20220729,AADT2006,-1,-1;AADT2005 "AADT2005" true true false 8 Double 0 0,First,#,Master_Segs_withFactors_20220729,AADT2005,-1,-1;AADT2004 "AADT2004" true true false 8 Double 0 0,First,#,Master_Segs_withFactors_20220729,AADT2004,-1,-1;AADT2003 "AADT2003" true true false 8 Double 0 0,First,#,Master_Segs_withFactors_20220729,AADT2003,-1,-1;AADT2002 "AADT2002" true true false 8 Double 0 0,First,#,Master_Segs_withFactors_20220729,AADT2002,-1,-1;AADT2001 "AADT2001" true true false 8 Double 0 0,First,#,Master_Segs_withFactors_20220729,AADT2001,-1,-1;AADT2000 "AADT2000" true true false 8 Double 0 0,First,#,Master_Segs_withFactors_20220729,AADT2000,-1,-1;AADT1999 "AADT1999" true true false 8 Double 0 0,First,#,Master_Segs_withFactors_20220729,AADT1999,-1,-1;AADT1998 "AADT1998" true true false 8 Double 0 0,First,#,Master_Segs_withFactors_20220729,AADT1998,-1,-1;AADT1997 "AADT1997" true true false 8 Double 0 0,First,#,Master_Segs_withFactors_20220729,AADT1997,-1,-1;AADT1996 "AADT1996" true true false 8 Double 0 0,First,#,Master_Segs_withFactors_20220729,AADT1996,-1,-1;AADT1994 "AADT1994" true true false 8 Double 0 0,First,#,Master_Segs_withFactors_20220729,AADT1994,-1,-1;AADT1993 "AADT1993" true true false 8 Double 0 0,First,#,Master_Segs_withFactors_20220729,AADT1993,-1,-1;AADT1992 "AADT1992" true true false 8 Double 0 0,First,#,Master_Segs_withFactors_20220729,AADT1992,-1,-1;AADT1991 "AADT1991" true true false 8 Double 0 0,First,#,Master_Segs_withFactors_20220729,AADT1991,-1,-1;AADT1990 "AADT1990" true true false 8 Double 0 0,First,#,Master_Segs_withFactors_20220729,AADT1990,-1,-1;AADT1989 "AADT1989" true true false 8 Double 0 0,First,#,Master_Segs_withFactors_20220729,AADT1989,-1,-1;AADT1988 "AADT1988" true true false 8 Double 0 0,First,#,Master_Segs_withFactors_20220729,AADT1988,-1,-1;AADT1987 "AADT1987" true true false 8 Double 0 0,First,#,Master_Segs_withFactors_20220729,AADT1987,-1,-1;AADT1986 "AADT1986" true true false 8 Double 0 0,First,#,Master_Segs_withFactors_20220729,AADT1986,-1,-1;AADT1985 "AADT1985" true true false 8 Double 0 0,First,#,Master_Segs_withFactors_20220729,AADT1985,-1,-1;AADT1984 "AADT1984" true true false 8 Double 0 0,First,#,Master_Segs_withFactors_20220729,AADT1984,-1,-1;AADT1983 "AADT1983" true true false 8 Double 0 0,First,#,Master_Segs_withFactors_20220729,AADT1983,-1,-1;AADT1982 "AADT1982" true true false 8 Double 0 0,First,#,Master_Segs_withFactors_20220729,AADT1982,-1,-1;AADT1981 "AADT1981" true true false 8 Double 0 0,First,#,Master_Segs_withFactors_20220729,AADT1981,-1,-1;CCSGROUP "CCSGROUP" true true false 6 Text 0 0,First,#,Master_Segs_withFactors_20220729,CCSGROUP,0,6;FAC_MON "FAC_MON" true true false 8 Double 0 0,First,#,Master_Segs_withFactors_20220729,FAC_MON,-1,-1;FAC_TUE "FAC_TUE" true true false 8 Double 0 0,First,#,Master_Segs_withFactors_20220729,FAC_TUE,-1,-1;FAC_WED "FAC_WED" true true false 8 Double 0 0,First,#,Master_Segs_withFactors_20220729,FAC_WED,-1,-1;FAC_THU "FAC_THU" true true false 8 Double 0 0,First,#,Master_Segs_withFactors_20220729,FAC_THU,-1,-1;FAC_FRI "FAC_FRI" true true false 8 Double 0 0,First,#,Master_Segs_withFactors_20220729,FAC_FRI,-1,-1;FAC_SAT "FAC_SAT" true true false 8 Double 0 0,First,#,Master_Segs_withFactors_20220729,FAC_SAT,-1,-1;FAC_SUN "FAC_SUN" true true false 8 Double 0 0,First,#,Master_Segs_withFactors_20220729,FAC_SUN,-1,-1;FAC_WDAVG "FAC_WDAVG" true true false 8 Double 0 0,First,#,Master_Segs_withFactors_20220729,FAC_WDAVG,-1,-1;FAC_WEAVG "FAC_WEAVG" true true false 8 Double 0 0,First,#,Master_Segs_withFactors_20220729,FAC_WEAVG,-1,-1;FAC_WEMAX "FAC_WEMAX" true true false 8 Double 0 0,First,#,Master_Segs_withFactors_20220729,FAC_WEMAX,-1,-1;FAC_JAN "FAC_JAN" true true false 8 Double 0 0,First,#,Master_Segs_withFactors_20220729,FAC_JAN,-1,-1;FAC_FEB "FAC_FEB" true true false 8 Double 0 0,First,#,Master_Segs_withFactors_20220729,FAC_FEB,-1,-1;FAC_MAR "FAC_MAR" true true false 8 Double 0 0,First,#,Master_Segs_withFactors_20220729,FAC_MAR,-1,-1;FAC_APR "FAC_APR" true true false 8 Double 0 0,First,#,Master_Segs_withFactors_20220729,FAC_APR,-1,-1;FAC_MAY "FAC_MAY" true true false 8 Double 0 0,First,#,Master_Segs_withFactors_20220729,FAC_MAY,-1,-1;FAC_JUN "FAC_JUN" true true false 8 Double 0 0,First,#,Master_Segs_withFactors_20220729,FAC_JUN,-1,-1;FAC_JUL "FAC_JUL" true true false 8 Double 0 0,First,#,Master_Segs_withFactors_20220729,FAC_JUL,-1,-1;FAC_AUG "FAC_AUG" true true false 8 Double 0 0,First,#,Master_Segs_withFactors_20220729,FAC_AUG,-1,-1;FAC_SEP "FAC_SEP" true true false 8 Double 0 0,First,#,Master_Segs_withFactors_20220729,FAC_SEP,-1,-1;FAC_OCT "FAC_OCT" true true false 8 Double 0 0,First,#,Master_Segs_withFactors_20220729,FAC_OCT,-1,-1;FAC_NOV "FAC_NOV" true true false 8 Double 0 0,First,#,Master_Segs_withFactors_20220729,FAC_NOV,-1,-1;FAC_DEC "FAC_DEC" true true false 8 Double 0 0,First,#,Master_Segs_withFactors_20220729,FAC_DEC,-1,-1;FAC_WIN "FAC_WIN" true true false 8 Double 0 0,First,#,Master_Segs_withFactors_20220729,FAC_WIN,-1,-1;FAC_SPR "FAC_SPR" true true false 8 Double 0 0,First,#,Master_Segs_withFactors_20220729,FAC_SPR,-1,-1;FAC_SUM "FAC_SUM" true true false 8 Double 0 0,First,#,Master_Segs_withFactors_20220729,FAC_SUM,-1,-1;FAC_FAL "FAC_FAL" true true false 8 Double 0 0,First,#,Master_Segs_withFactors_20220729,FAC_FAL,-1,-1;FAC_MAXMO "FAC_MAXMO" true true false 4 Long 0 0,First,#,Master_Segs_withFactors_20220729,FAC_MAXMO,-1,-1;FAC_MAX "FAC_MAX" true true false 8 Double 0 0,First,#,Master_Segs_withFactors_20220729,FAC_MAX,-1,-1;FACMANADJ "FACMANADJ" true true false 4 Long 0 0,First,#,Master_Segs_withFactors_20220729,FACMANADJ,-1,-1;SUTRUCKS "SUTRUCKS" true true false 8 Double 0 0,First,#,Master_Segs_withFactors_20220729,SUTRUCKS,-1,-1;CUTRUCKS "CUTRUCKS" true true false 8 Double 0 0,First,#,Master_Segs_withFactors_20220729,CUTRUCKS,-1,-1;F2050 "F2050" true true false 4 Long 0 0,First,#,Master_Segs_withFactors_20220729,F2050,-1,-1;F2040 "F2040" true true false 4 Long 0 0,First,#,Master_Segs_withFactors_20220729,F2040,-1,-1;FORNOTES "FNOTES" true true false 255 Text 0 0,First,#,Master_Segs_withFactors_20220729,FORNOTES,0,255;ForecastSource "Forecast Source" true true false 255 Text 0 0,First,#,Master_Segs_withFactors_20220729,ForecastSource,0,255;Shape_Length "Shape_Length" false true true 8 Double 0 0,First,#,Master_Segs_withFactors_20220729,Shape_Length,-1,-1" #</Process><Process ToolSource="c:\program files\arcgis\pro\Resources\ArcToolbox\toolboxes\Data Management Tools.tbx\Rename" Date="20220818" Time="151552">Rename "A:\1_TDM\2 - Sandbox\v9.0Beta\1 - Input Dev\6_Segment\0 - Segment Shapefile\Master_Segs_withFactors_20220818\Master_Segs_withFactors_20220729.shp" "A:\1_TDM\2 - Sandbox\v9.0Beta\1 - Input Dev\6_Segment\0 - Segment Shapefile\Master_Segs_withFactors_20220818\Master_Segs_withFactors_20220818.shp" ShapeFile</Process><Process ToolSource="c:\program files\arcgis\pro\Resources\ArcToolbox\Toolboxes\Data Management Tools.tbx\Rename" Date="20220902" Time="143632">Rename "A:\1 - TDM\1 - Input Dev\6 - Segment\0 - Segment Shapefile\Master_Segs_withFactors_20220902\Master_Segs_withFactors_20220818.shp" "A:\1 - TDM\1 - Input Dev\6 - Segment\0 - Segment Shapefile\Master_Segs_withFactors_20220902\Master_Segs_withFactors_20220902.shp" ShapeFile</Process><Process ToolSource="c:\program files\arcgis\pro\Resources\ArcToolbox\Toolboxes\Data Management Tools.tbx\Rename" Date="20220906" Time="081612">Rename "A:\1 - TDM\1 - Input Dev\6 - Segment\0 - Segment Shapefile\Master_Segs_withFactors_20220906\Master_Segs_withFactors_20220902.shp" "A:\1 - TDM\1 - Input Dev\6 - Segment\0 - Segment Shapefile\Master_Segs_withFactors_20220906\Master_Segs_withFactors_20220906.shp" ShapeFile</Process><Process ToolSource="c:\program files\arcgis\pro\Resources\ArcToolbox\Toolboxes\Data Management Tools.tbx\Rename" Date="20220915" Time="153000">Rename "A:\1 - TDM\1 - Input Dev\6 - Segment\0 - Segment Shapefile\Master_Segs_withFactors_20220915\Master_Segs_withFactors_20220906.shp" "A:\1 - TDM\1 - Input Dev\6 - Segment\0 - Segment Shapefile\Master_Segs_withFactors_20220915\Master_Segs_withFactors_20220915shp.shp" ShapeFile</Process><Process ToolSource="c:\program files\arcgis\pro\Resources\ArcToolbox\toolboxes\Data Management Tools.tbx\Merge" Date="20230127" Time="150629">Merge Master_Segs_withFactors_20220915;UTA_Commuter_Rail_Segments;UTA_MAG_Rail_Segments;UTA_WFRC_Rail_Segments C:\Users\cday\Documents\projects\Transit-Map\gis\Master_Segs_withFactors_Rail\Master_Segs_withFactors_Rail_20230127.shp "Id "Id" true true false 10 Long 0 10,First,#,Master_Segs_withFactors_20220915,Id,-1,-1;SEGID "SEGID" true true false 22 Text 0 0,First,#,Master_Segs_withFactors_20220915,SEGID,0,22,UTA_Commuter_Rail_Segments,SEGID,0,255,UTA_MAG_Rail_Segments,SEGID,0,254,UTA_WFRC_Rail_Segments,SEGID,0,254;BMP "BMP" true true false 19 Double 0 0,First,#,Master_Segs_withFactors_20220915,BMP,-1,-1;EMP "EMP" true true false 19 Double 0 0,First,#,Master_Segs_withFactors_20220915,EMP,-1,-1;DISTANCE "DISTANCE" true true false 19 Double 0 0,First,#,Master_Segs_withFactors_20220915,DISTANCE,-1,-1;FULLNAME "FULLNAME" true true false 66 Text 0 0,First,#,Master_Segs_withFactors_20220915,FULLNAME,0,66;FNCLASS "FNCLASS" true true false 16 Text 0 0,First,#,Master_Segs_withFactors_20220915,FNCLASS,0,16;FC_CODE "FC_CODE" true true false 10 Long 0 10,First,#,Master_Segs_withFactors_20220915,FC_CODE,-1,-1;FC_GROUP "FC_GROUP" true true false 24 Text 0 0,First,#,Master_Segs_withFactors_20220915,FC_GROUP,0,24;FC_NAME "FC_NAME" true true false 66 Text 0 0,First,#,Master_Segs_withFactors_20220915,FC_NAME,0,66;CO_FIPS "CO_FIPS" true true false 10 Long 0 10,First,#,Master_Segs_withFactors_20220915,CO_FIPS,-1,-1;CO_NAME "CO_NAME" true true false 20 Text 0 0,First,#,Master_Segs_withFactors_20220915,CO_NAME,0,20;PLANAREA "PLANAREA" true true false 10 Text 0 0,First,#,Master_Segs_withFactors_20220915,PLANAREA,0,10;X "X" true true false 19 Double 0 0,First,#,Master_Segs_withFactors_20220915,X,-1,-1;Y "Y" true true false 19 Double 0 0,First,#,Master_Segs_withFactors_20220915,Y,-1,-1;ONLRS "ONLRS" true true false 6 Text 0 0,First,#,Master_Segs_withFactors_20220915,ONLRS,0,6;T_MODEL "T_MODEL" true true false 6 Text 0 0,First,#,Master_Segs_withFactors_20220915,T_MODEL,0,6;USE "USE" true true false 10 Long 0 10,First,#,Master_Segs_withFactors_20220915,USE,-1,-1;RT_NUM "RT_NUM" true true false 10 Long 0 10,First,#,Master_Segs_withFactors_20220915,RT_NUM,-1,-1;AADT2019 "AADT2019" true true false 19 Double 0 0,First,#,Master_Segs_withFactors_20220915,AADT2019,-1,-1;AADT2018 "AADT2018" true true false 19 Double 0 0,First,#,Master_Segs_withFactors_20220915,AADT2018,-1,-1;AADT2017 "AADT2017" true true false 19 Double 0 0,First,#,Master_Segs_withFactors_20220915,AADT2017,-1,-1;AADT2016 "AADT2016" true true false 19 Double 0 0,First,#,Master_Segs_withFactors_20220915,AADT2016,-1,-1;AADT2015 "AADT2015" true true false 19 Double 0 0,First,#,Master_Segs_withFactors_20220915,AADT2015,-1,-1;AADT2014 "AADT2014" true true false 19 Double 0 0,First,#,Master_Segs_withFactors_20220915,AADT2014,-1,-1;AADT2013 "AADT2013" true true false 19 Double 0 0,First,#,Master_Segs_withFactors_20220915,AADT2013,-1,-1;AADT2012 "AADT2012" true true false 19 Double 0 0,First,#,Master_Segs_withFactors_20220915,AADT2012,-1,-1;AADT2011 "AADT2011" true true false 19 Double 0 0,First,#,Master_Segs_withFactors_20220915,AADT2011,-1,-1;AADT2010 "AADT2010" true true false 19 Double 0 0,First,#,Master_Segs_withFactors_20220915,AADT2010,-1,-1;AADT2009 "AADT2009" true true false 19 Double 0 0,First,#,Master_Segs_withFactors_20220915,AADT2009,-1,-1;AADT2008 "AADT2008" true true false 19 Double 0 0,First,#,Master_Segs_withFactors_20220915,AADT2008,-1,-1;AADT2007 "AADT2007" true true false 19 Double 0 0,First,#,Master_Segs_withFactors_20220915,AADT2007,-1,-1;AADT2006 "AADT2006" true true false 19 Double 0 0,First,#,Master_Segs_withFactors_20220915,AADT2006,-1,-1;AADT2005 "AADT2005" true true false 19 Double 0 0,First,#,Master_Segs_withFactors_20220915,AADT2005,-1,-1;AADT2004 "AADT2004" true true false 19 Double 0 0,First,#,Master_Segs_withFactors_20220915,AADT2004,-1,-1;AADT2003 "AADT2003" true true false 19 Double 0 0,First,#,Master_Segs_withFactors_20220915,AADT2003,-1,-1;AADT2002 "AADT2002" true true false 19 Double 0 0,First,#,Master_Segs_withFactors_20220915,AADT2002,-1,-1;AADT2001 "AADT2001" true true false 19 Double 0 0,First,#,Master_Segs_withFactors_20220915,AADT2001,-1,-1;AADT2000 "AADT2000" true true false 19 Double 0 0,First,#,Master_Segs_withFactors_20220915,AADT2000,-1,-1;AADT1999 "AADT1999" true true false 19 Double 0 0,First,#,Master_Segs_withFactors_20220915,AADT1999,-1,-1;AADT1998 "AADT1998" true true false 19 Double 0 0,First,#,Master_Segs_withFactors_20220915,AADT1998,-1,-1;AADT1997 "AADT1997" true true false 19 Double 0 0,First,#,Master_Segs_withFactors_20220915,AADT1997,-1,-1;AADT1996 "AADT1996" true true false 19 Double 0 0,First,#,Master_Segs_withFactors_20220915,AADT1996,-1,-1;AADT1994 "AADT1994" true true false 19 Double 0 0,First,#,Master_Segs_withFactors_20220915,AADT1994,-1,-1;AADT1993 "AADT1993" true true false 19 Double 0 0,First,#,Master_Segs_withFactors_20220915,AADT1993,-1,-1;AADT1992 "AADT1992" true true false 19 Double 0 0,First,#,Master_Segs_withFactors_20220915,AADT1992,-1,-1;AADT1991 "AADT1991" true true false 19 Double 0 0,First,#,Master_Segs_withFactors_20220915,AADT1991,-1,-1;AADT1990 "AADT1990" true true false 19 Double 0 0,First,#,Master_Segs_withFactors_20220915,AADT1990,-1,-1;AADT1989 "AADT1989" true true false 19 Double 0 0,First,#,Master_Segs_withFactors_20220915,AADT1989,-1,-1;AADT1988 "AADT1988" true true false 19 Double 0 0,First,#,Master_Segs_withFactors_20220915,AADT1988,-1,-1;AADT1987 "AADT1987" true true false 19 Double 0 0,First,#,Master_Segs_withFactors_20220915,AADT1987,-1,-1;AADT1986 "AADT1986" true true false 19 Double 0 0,First,#,Master_Segs_withFactors_20220915,AADT1986,-1,-1;AADT1985 "AADT1985" true true false 19 Double 0 0,First,#,Master_Segs_withFactors_20220915,AADT1985,-1,-1;AADT1984 "AADT1984" true true false 19 Double 0 0,First,#,Master_Segs_withFactors_20220915,AADT1984,-1,-1;AADT1983 "AADT1983" true true false 19 Double 0 0,First,#,Master_Segs_withFactors_20220915,AADT1983,-1,-1;AADT1982 "AADT1982" true true false 19 Double 0 0,First,#,Master_Segs_withFactors_20220915,AADT1982,-1,-1;AADT1981 "AADT1981" true true false 19 Double 0 0,First,#,Master_Segs_withFactors_20220915,AADT1981,-1,-1;CCSGROUP "CCSGROUP" true true false 6 Text 0 0,First,#,Master_Segs_withFactors_20220915,CCSGROUP,0,6;FAC_MON "FAC_MON" true true false 19 Double 0 0,First,#,Master_Segs_withFactors_20220915,FAC_MON,-1,-1;FAC_TUE "FAC_TUE" true true false 19 Double 0 0,First,#,Master_Segs_withFactors_20220915,FAC_TUE,-1,-1;FAC_WED "FAC_WED" true true false 19 Double 0 0,First,#,Master_Segs_withFactors_20220915,FAC_WED,-1,-1;FAC_THU "FAC_THU" true true false 19 Double 0 0,First,#,Master_Segs_withFactors_20220915,FAC_THU,-1,-1;FAC_FRI "FAC_FRI" true true false 19 Double 0 0,First,#,Master_Segs_withFactors_20220915,FAC_FRI,-1,-1;FAC_SAT "FAC_SAT" true true false 19 Double 0 0,First,#,Master_Segs_withFactors_20220915,FAC_SAT,-1,-1;FAC_SUN "FAC_SUN" true true false 19 Double 0 0,First,#,Master_Segs_withFactors_20220915,FAC_SUN,-1,-1;FAC_WDAVG "FAC_WDAVG" true true false 19 Double 0 0,First,#,Master_Segs_withFactors_20220915,FAC_WDAVG,-1,-1;FAC_WEAVG "FAC_WEAVG" true true false 19 Double 0 0,First,#,Master_Segs_withFactors_20220915,FAC_WEAVG,-1,-1;FAC_WEMAX "FAC_WEMAX" true true false 19 Double 0 0,First,#,Master_Segs_withFactors_20220915,FAC_WEMAX,-1,-1;FAC_JAN "FAC_JAN" true true false 19 Double 0 0,First,#,Master_Segs_withFactors_20220915,FAC_JAN,-1,-1;FAC_FEB "FAC_FEB" true true false 19 Double 0 0,First,#,Master_Segs_withFactors_20220915,FAC_FEB,-1,-1;FAC_MAR "FAC_MAR" true true false 19 Double 0 0,First,#,Master_Segs_withFactors_20220915,FAC_MAR,-1,-1;FAC_APR "FAC_APR" true true false 19 Double 0 0,First,#,Master_Segs_withFactors_20220915,FAC_APR,-1,-1;FAC_MAY "FAC_MAY" true true false 19 Double 0 0,First,#,Master_Segs_withFactors_20220915,FAC_MAY,-1,-1;FAC_JUN "FAC_JUN" true true false 19 Double 0 0,First,#,Master_Segs_withFactors_20220915,FAC_JUN,-1,-1;FAC_JUL "FAC_JUL" true true false 19 Double 0 0,First,#,Master_Segs_withFactors_20220915,FAC_JUL,-1,-1;FAC_AUG "FAC_AUG" true true false 19 Double 0 0,First,#,Master_Segs_withFactors_20220915,FAC_AUG,-1,-1;FAC_SEP "FAC_SEP" true true false 19 Double 0 0,First,#,Master_Segs_withFactors_20220915,FAC_SEP,-1,-1;FAC_OCT "FAC_OCT" true true false 19 Double 0 0,First,#,Master_Segs_withFactors_20220915,FAC_OCT,-1,-1;FAC_NOV "FAC_NOV" true true false 19 Double 0 0,First,#,Master_Segs_withFactors_20220915,FAC_NOV,-1,-1;FAC_DEC "FAC_DEC" true true false 19 Double 0 0,First,#,Master_Segs_withFactors_20220915,FAC_DEC,-1,-1;FAC_WIN "FAC_WIN" true true false 19 Double 0 0,First,#,Master_Segs_withFactors_20220915,FAC_WIN,-1,-1;FAC_SPR "FAC_SPR" true true false 19 Double 0 0,First,#,Master_Segs_withFactors_20220915,FAC_SPR,-1,-1;FAC_SUM "FAC_SUM" true true false 19 Double 0 0,First,#,Master_Segs_withFactors_20220915,FAC_SUM,-1,-1;FAC_FAL "FAC_FAL" true true false 19 Double 0 0,First,#,Master_Segs_withFactors_20220915,FAC_FAL,-1,-1;FAC_MAXMO "FAC_MAXMO" true true false 10 Long 0 10,First,#,Master_Segs_withFactors_20220915,FAC_MAXMO,-1,-1;FAC_MAX "FAC_MAX" true true false 19 Double 0 0,First,#,Master_Segs_withFactors_20220915,FAC_MAX,-1,-1;FACMANADJ "FACMANADJ" true true false 10 Long 0 10,First,#,Master_Segs_withFactors_20220915,FACMANADJ,-1,-1;SUTRUCKS "SUTRUCKS" true true false 19 Double 0 0,First,#,Master_Segs_withFactors_20220915,SUTRUCKS,-1,-1;CUTRUCKS "CUTRUCKS" true true false 19 Double 0 0,First,#,Master_Segs_withFactors_20220915,CUTRUCKS,-1,-1;F2050 "F2050" true true false 10 Long 0 10,First,#,Master_Segs_withFactors_20220915,F2050,-1,-1;F2040 "F2040" true true false 10 Long 0 10,First,#,Master_Segs_withFactors_20220915,F2040,-1,-1;FORNOTES "FORNOTES" true true false 254 Text 0 0,First,#,Master_Segs_withFactors_20220915,FORNOTES,0,254;ForecastSo "ForecastSo" true true false 254 Text 0 0,First,#,Master_Segs_withFactors_20220915,ForecastSo,0,254;Shape_Leng "Shape_Leng" true true false 19 Double 0 0,First,#,Master_Segs_withFactors_20220915,Shape_Leng,-1,-1,UTA_MAG_Rail_Segments,Shape_Leng,-1,-1,UTA_WFRC_Rail_Segments,SHAPE_Leng,-1,-1;NAME "NAME" true true false 17 Text 0 0,First,#;Shape_Length "Shape_Length" false true true 8 Double 0 0,First,#,UTA_Commuter_Rail_Segments,Shape_Length,-1,-1;OBJECTID "OBJECTID" true true false 5 Long 0 5,First,#,UTA_WFRC_Rail_Segments,OBJECTID,-1,-1;DIRECTION "DIRECTION" true true false 5 Text 0 0,First,#,UTA_WFRC_Rail_Segments,DIRECTION,0,5;LINE "LINE" true true false 22 Text 0 0,First,#,UTA_WFRC_Rail_Segments,LINE,0,22;ROUTE "ROUTE" true true false 3 Text 0 0,First,#,UTA_WFRC_Rail_Segments,ROUTE,0,3;Shape_Le_1 "Shape_Le_1" true true false 19 Double 0 0,First,#,UTA_WFRC_Rail_Segments,Shape_Le_1,-1,-1" NO_SOURCE_INFO</Process><Process ToolSource="c:\program files\arcgis\pro\Resources\ArcToolbox\toolboxes\Data Management Tools.tbx\CalculateField" Date="20230201" Time="115946">CalculateField Master_Segs_withFactors_20230127 PLANAREA 'WFRC' "Python 3" # Text NO_ENFORCE_DOMAINS</Process><Process ToolSource="c:\program files\arcgis\pro\Resources\ArcToolbox\toolboxes\Data Management Tools.tbx\CalculateField" Date="20230201" Time="120001">CalculateField Master_Segs_withFactors_20230127 PLANAREA 'MAG' "Python 3" # Text NO_ENFORCE_DOMAINS</Process><Process ToolSource="c:\program files\arcgis\pro\Resources\ArcToolbox\toolboxes\Data Management Tools.tbx\CalculateGeometryAttributes" Date="20230801" Time="092345">CalculateGeometryAttributes "Segments_WF - 2023-08-01" "DISTANCE LENGTH" "US Survey Miles" # # "Same as input"</Process><Process ToolSource="c:\program files\arcgis\pro\Resources\ArcToolbox\toolboxes\Data Management Tools.tbx\CalculateGeometryAttributes" Date="20230801" Time="093624">CalculateGeometryAttributes "Segments_WF - 2023-08-01" "DISTANCE LENGTH" "US Survey Miles" # PROJCS["NAD_1983_UTM_Zone_12N",GEOGCS["GCS_North_American_1983",DATUM["D_North_American_1983",SPHEROID["GRS_1980",6378137.0,298.257222101]],PRIMEM["Greenwich",0.0],UNIT["Degree",0.0174532925199433]],PROJECTION["Transverse_Mercator"],PARAMETER["False_Easting",500000.0],PARAMETER["False_Northing",0.0],PARAMETER["Central_Meridian",-111.0],PARAMETER["Scale_Factor",0.9996],PARAMETER["Latitude_Of_Origin",0.0],UNIT["Meter",1.0]] "Same as input"</Process><Process ToolSource="c:\program files\arcgis\pro\Resources\ArcToolbox\toolboxes\Conversion Tools.tbx\ExportFeatures" Date="20230919" Time="163412">ExportFeatures "Segments_WF - 2023-08-01" E:\GitHub\Traffic-Volume-Forecasts\intermediate\SegsWithAADTthru2021.shp # NOT_USE_ALIAS "SEGID "SEGID" true true false 22 Text 0 0,First,#,Segments_WF - 2023-08-01,Segments_WF - 2023-08-01.SEGID,0,22;SEGID "SEGID" true true false 8000 Text 0 0,First,#,Segments_WF - 2023-08-01,aadt_xls.csv.SEGID,0,8000;AADT1981 "AADT1981" true true false 4 Long 0 0,First,#,Segments_WF - 2023-08-01,aadt_xls.csv.AADT1981,-1,-1;AADT1982 "AADT1982" true true false 4 Long 0 0,First,#,Segments_WF - 2023-08-01,aadt_xls.csv.AADT1982,-1,-1;AADT1983 "AADT1983" true true false 4 Long 0 0,First,#,Segments_WF - 2023-08-01,aadt_xls.csv.AADT1983,-1,-1;AADT1984 "AADT1984" true true false 4 Long 0 0,First,#,Segments_WF - 2023-08-01,aadt_xls.csv.AADT1984,-1,-1;AADT1985 "AADT1985" true true false 4 Long 0 0,First,#,Segments_WF - 2023-08-01,aadt_xls.csv.AADT1985,-1,-1;AADT1986 "AADT1986" true true false 4 Long 0 0,First,#,Segments_WF - 2023-08-01,aadt_xls.csv.AADT1986,-1,-1;AADT1987 "AADT1987" true true false 4 Long 0 0,First,#,Segments_WF - 2023-08-01,aadt_xls.csv.AADT1987,-1,-1;AADT1988 "AADT1988" true true false 4 Long 0 0,First,#,Segments_WF - 2023-08-01,aadt_xls.csv.AADT1988,-1,-1;AADT1989 "AADT1989" true true false 4 Long 0 0,First,#,Segments_WF - 2023-08-01,aadt_xls.csv.AADT1989,-1,-1;AADT1990 "AADT1990" true true false 4 Long 0 0,First,#,Segments_WF - 2023-08-01,aadt_xls.csv.AADT1990,-1,-1;AADT1991 "AADT1991" true true false 4 Long 0 0,First,#,Segments_WF - 2023-08-01,aadt_xls.csv.AADT1991,-1,-1;AADT1992 "AADT1992" true true false 4 Long 0 0,First,#,Segments_WF - 2023-08-01,aadt_xls.csv.AADT1992,-1,-1;AADT1993 "AADT1993" true true false 4 Long 0 0,First,#,Segments_WF - 2023-08-01,aadt_xls.csv.AADT1993,-1,-1;AADT1994 "AADT1994" true true false 4 Long 0 0,First,#,Segments_WF - 2023-08-01,aadt_xls.csv.AADT1994,-1,-1;AADT1995 "AADT1995" true true false 4 Long 0 0,First,#,Segments_WF - 2023-08-01,aadt_xls.csv.AADT1995,-1,-1;AADT1996 "AADT1996" true true false 4 Long 0 0,First,#,Segments_WF - 2023-08-01,aadt_xls.csv.AADT1996,-1,-1;AADT1997 "AADT1997" true true false 4 Long 0 0,First,#,Segments_WF - 2023-08-01,aadt_xls.csv.AADT1997,-1,-1;AADT1998 "AADT1998" true true false 4 Long 0 0,First,#,Segments_WF - 2023-08-01,aadt_xls.csv.AADT1998,-1,-1;AADT1999 "AADT1999" true true false 4 Long 0 0,First,#,Segments_WF - 2023-08-01,aadt_xls.csv.AADT1999,-1,-1;AADT2000 "AADT2000" true true false 4 Long 0 0,First,#,Segments_WF - 2023-08-01,aadt_xls.csv.AADT2000,-1,-1;AADT2001 "AADT2001" true true false 4 Long 0 0,First,#,Segments_WF - 2023-08-01,aadt_xls.csv.AADT2001,-1,-1;AADT2002 "AADT2002" true true false 4 Long 0 0,First,#,Segments_WF - 2023-08-01,aadt_xls.csv.AADT2002,-1,-1;AADT2003 "AADT2003" true true false 4 Long 0 0,First,#,Segments_WF - 2023-08-01,aadt_xls.csv.AADT2003,-1,-1;AADT2004 "AADT2004" true true false 4 Long 0 0,First,#,Segments_WF - 2023-08-01,aadt_xls.csv.AADT2004,-1,-1;AADT2005 "AADT2005" true true false 4 Long 0 0,First,#,Segments_WF - 2023-08-01,aadt_xls.csv.AADT2005,-1,-1;AADT2006 "AADT2006" true true false 4 Long 0 0,First,#,Segments_WF - 2023-08-01,aadt_xls.csv.AADT2006,-1,-1;AADT2007 "AADT2007" true true false 4 Long 0 0,First,#,Segments_WF - 2023-08-01,aadt_xls.csv.AADT2007,-1,-1;AADT2008 "AADT2008" true true false 4 Long 0 0,First,#,Segments_WF - 2023-08-01,aadt_xls.csv.AADT2008,-1,-1;AADT2009 "AADT2009" true true false 4 Long 0 0,First,#,Segments_WF - 2023-08-01,aadt_xls.csv.AADT2009,-1,-1;AADT2010 "AADT2010" true true false 4 Long 0 0,First,#,Segments_WF - 2023-08-01,aadt_xls.csv.AADT2010,-1,-1;AADT2011 "AADT2011" true true false 4 Long 0 0,First,#,Segments_WF - 2023-08-01,aadt_xls.csv.AADT2011,-1,-1;AADT2012 "AADT2012" true true false 4 Long 0 0,First,#,Segments_WF - 2023-08-01,aadt_xls.csv.AADT2012,-1,-1;AADT2013 "AADT2013" true true false 4 Long 0 0,First,#,Segments_WF - 2023-08-01,aadt_xls.csv.AADT2013,-1,-1;AADT2014 "AADT2014" true true false 4 Long 0 0,First,#,Segments_WF - 2023-08-01,aadt_xls.csv.AADT2014,-1,-1;AADT2015 "AADT2015" true true false 4 Long 0 0,First,#,Segments_WF - 2023-08-01,aadt_xls.csv.AADT2015,-1,-1;AADT2016 "AADT2016" true true false 4 Long 0 0,First,#,Segments_WF - 2023-08-01,aadt_xls.csv.AADT2016,-1,-1;AADT2017 "AADT2017" true true false 4 Long 0 0,First,#,Segments_WF - 2023-08-01,aadt_xls.csv.AADT2017,-1,-1;AADT2018 "AADT2018" true true false 4 Long 0 0,First,#,Segments_WF - 2023-08-01,aadt_xls.csv.AADT2018,-1,-1;AADT2019 "AADT2019" true true false 4 Long 0 0,First,#,Segments_WF - 2023-08-01,aadt_xls.csv.AADT2019,-1,-1;AADT2020 "AADT2020" true true false 4 Long 0 0,First,#,Segments_WF - 2023-08-01,aadt_xls.csv.AADT2020,-1,-1;AADT2021 "AADT2021" true true false 4 Long 0 0,First,#,Segments_WF - 2023-08-01,aadt_xls.csv.AADT2021,-1,-1" #</Process><Process ToolSource="c:\program files\arcgis\pro\Resources\ArcToolbox\toolboxes\Data Management Tools.tbx\DeleteField" Date="20230919" Time="163502">DeleteField SegsWithAADTthru2021 SEGID_1 "Delete Fields"</Process></lineage><itemProps><itemName Sync="TRUE">SegsWithAADTthru2021</itemName><imsContentType Sync="TRUE">002</imsContentType><itemSize Sync="TRUE">0.000</itemSize><itemLocation><linkage Sync="TRUE">file://\\I7-088629\E$\GitHub\Traffic-Volume-Forecasts\intermediate\SegsWithAADTthru2021.shp</linkage><protocol Sync="TRUE">Local Area Network</protocol></itemLocation></itemProps><coordRef><type Sync="TRUE">Projected</type><geogcsn Sync="TRUE">GCS_North_American_1983</geogcsn><csUnits Sync="TRUE">Linear Unit: Meter (1.000000)</csUnits><projcsn Sync="TRUE">NAD_1983_UTM_Zone_12N</projcsn><peXml Sync="TRUE">&lt;ProjectedCoordinateSystem xsi:type='typens:ProjectedCoordinateSystem' xmlns:xsi='http://www.w3.org/2001/XMLSchema-instance' xmlns:xs='http://www.w3.org/2001/XMLSchema' xmlns:typens='http://www.esri.com/schemas/ArcGIS/3.0.0'&gt;&lt;WKT&gt;PROJCS[&amp;quot;NAD_1983_UTM_Zone_12N&amp;quot;,GEOGCS[&amp;quot;GCS_North_American_1983&amp;quot;,DATUM[&amp;quot;D_North_American_1983&amp;quot;,SPHEROID[&amp;quot;GRS_1980&amp;quot;,6378137.0,298.257222101]],PRIMEM[&amp;quot;Greenwich&amp;quot;,0.0],UNIT[&amp;quot;Degree&amp;quot;,0.0174532925199433]],PROJECTION[&amp;quot;Transverse_Mercator&amp;quot;],PARAMETER[&amp;quot;False_Easting&amp;quot;,500000.0],PARAMETER[&amp;quot;False_Northing&amp;quot;,0.0],PARAMETER[&amp;quot;Central_Meridian&amp;quot;,-111.0],PARAMETER[&amp;quot;Scale_Factor&amp;quot;,0.9996],PARAMETER[&amp;quot;Latitude_Of_Origin&amp;quot;,0.0],UNIT[&amp;quot;Meter&amp;quot;,1.0],AUTHORITY[&amp;quot;EPSG&amp;quot;,26912]]&lt;/WKT&gt;&lt;XOrigin&gt;-5120900&lt;/XOrigin&gt;&lt;YOrigin&gt;-9998100&lt;/YOrigin&gt;&lt;XYScale&gt;450445547.3910538&lt;/XYScale&gt;&lt;ZOrigin&gt;-100000&lt;/ZOrigin&gt;&lt;ZScale&gt;10000&lt;/ZScale&gt;&lt;MOrigin&gt;-100000&lt;/MOrigin&gt;&lt;MScale&gt;10000&lt;/MScale&gt;&lt;XYTolerance&gt;0.001&lt;/XYTolerance&gt;&lt;ZTolerance&gt;0.001&lt;/ZTolerance&gt;&lt;MTolerance&gt;0.001&lt;/MTolerance&gt;&lt;HighPrecision&gt;true&lt;/HighPrecision&gt;&lt;WKID&gt;26912&lt;/WKID&gt;&lt;LatestWKID&gt;26912&lt;/LatestWKID&gt;&lt;/ProjectedCoordinateSystem&gt;</peXml></coordRef></DataProperties><SyncDate>20230919</SyncDate><SyncTime>16340800</SyncTime><ModDate>20230919</ModDate><ModTime>16340800</ModTime></Esri><dataIdInfo><envirDesc Sync="TRUE">Microsoft Windows 10 Version 10.0 (Build 19045) ; Esri ArcGIS 13.0.0.36056</envirDesc><dataLang><languageCode value="eng" Sync="TRUE"></languageCode><countryCode value="USA" Sync="TRUE"></countryCode></dataLang><idCitation><resTitle Sync="TRUE">SegsWithAADTthru2021</resTitle><presForm><PresFormCd value="005" Sync="TRUE"></PresFormCd></presForm></idCitation><spatRpType><SpatRepTypCd value="001" Sync="TRUE"></SpatRepTypCd></spatRpType></dataIdInfo><mdLang><languageCode value="eng" Sync="TRUE"></languageCode><countryCode value="USA" Sync="TRUE"></countryCode></mdLang><mdChar><CharSetCd value="004" Sync="TRUE"></CharSetCd></mdChar><distInfo><distFormat><formatName Sync="TRUE">Shapefile</formatName></distFormat><distTranOps><transSize Sync="TRUE">0.000</transSize></distTranOps></distInfo><mdHrLv><ScopeCd value="005" Sync="TRUE"></ScopeCd></mdHrLv><mdHrLvName Sync="TRUE">dataset</mdHrLvName><refSysInfo><RefSystem><refSysID><identCode code="26912" Sync="TRUE"></identCode><idCodeSpace Sync="TRUE">EPSG</idCodeSpace><idVersion Sync="TRUE">6.11(3.0.1)</idVersion></refSysID></RefSystem></refSysInfo><spatRepInfo><VectSpatRep><geometObjs Name="SegsWithAADTthru2021"><geoObjTyp><GeoObjTypCd value="002" Sync="TRUE"></GeoObjTypCd></geoObjTyp><geoObjCnt Sync="TRUE">0</geoObjCnt></geometObjs><topLvl><TopoLevCd value="001" Sync="TRUE"></TopoLevCd></topLvl></VectSpatRep></spatRepInfo><spdoinfo><ptvctinf><esriterm Name="SegsWithAADTthru2021"><efeatyp Sync="TRUE">Simple</efeatyp><efeageom code="3" Sync="TRUE"></efeageom><esritopo Sync="TRUE">FALSE</esritopo><efeacnt Sync="TRUE">0</efeacnt><spindex Sync="TRUE">FALSE</spindex><linrefer Sync="TRUE">FALSE</linrefer></esriterm></ptvctinf></spdoinfo><eainfo><detailed Name="SegsWithAADTthru2021"><enttyp><enttypl Sync="TRUE">SegsWithAADTthru2021</enttypl><enttypt Sync="TRUE">Feature Class</enttypt><enttypc Sync="TRUE">0</enttypc></enttyp><attr><attrlabl Sync="TRUE">FID</attrlabl><attalias Sync="TRUE">FID</attalias><attrtype Sync="TRUE">OID</attrtype><attwidth Sync="TRUE">4</attwidth><atprecis Sync="TRUE">0</atprecis><attscale Sync="TRUE">0</attscale><attrdef Sync="TRUE">Internal feature number.</attrdef><attrdefs Sync="TRUE">Esri</attrdefs><attrdomv><udom Sync="TRUE">Sequential unique whole numbers that are automatically generated.</udom></attrdomv></attr><attr><attrlabl Sync="TRUE">Shape</attrlabl><attalias Sync="TRUE">Shape</attalias><attrtype Sync="TRUE">Geometry</attrtype><attwidth Sync="TRUE">0</attwidth><atprecis Sync="TRUE">0</atprecis><attscale Sync="TRUE">0</attscale><attrdef Sync="TRUE">Feature geometry.</attrdef><attrdefs Sync="TRUE">Esri</attrdefs><attrdomv><udom Sync="TRUE">Coordinates defining the features.</udom></attrdomv></attr><attr><attrlabl Sync="TRUE">SEGID</attrlabl><attalias Sync="TRUE">SEGID</attalias><attrtype Sync="TRUE">String</attrtype><attwidth Sync="TRUE">22</attwidth><atprecis Sync="TRUE">0</atprecis><attscale Sync="TRUE">0</attscale></attr><attr><attrlabl Sync="TRUE">SEGID_1</attrlabl><attalias Sync="TRUE">SEGID_1</attalias><attrtype Sync="TRUE">String</attrtype><attwidth Sync="TRUE">254</attwidth><atprecis Sync="TRUE">0</atprecis><attscale Sync="TRUE">0</attscale></attr><attr><attrlabl Sync="TRUE">AADT2019</attrlabl><attalias Sync="TRUE">AADT2019</attalias><attrtype Sync="TRUE">Integer</attrtype><attwidth Sync="TRUE">10</attwidth><atprecis Sync="TRUE">10</atprecis><attscale Sync="TRUE">0</attscale></attr><attr><attrlabl Sync="TRUE">AADT2018</attrlabl><attalias Sync="TRUE">AADT2018</attalias><attrtype Sync="TRUE">Integer</attrtype><attwidth Sync="TRUE">10</attwidth><atprecis Sync="TRUE">10</atprecis><attscale Sync="TRUE">0</attscale></attr><attr><attrlabl Sync="TRUE">AADT2017</attrlabl><attalias Sync="TRUE">AADT2017</attalias><attrtype Sync="TRUE">Integer</attrtype><attwidth Sync="TRUE">10</attwidth><atprecis Sync="TRUE">10</atprecis><attscale Sync="TRUE">0</attscale></attr><attr><attrlabl Sync="TRUE">AADT2016</attrlabl><attalias Sync="TRUE">AADT2016</attalias><attrtype Sync="TRUE">Integer</attrtype><attwidth Sync="TRUE">10</attwidth><atprecis Sync="TRUE">10</atprecis><attscale Sync="TRUE">0</attscale></attr><attr><attrlabl Sync="TRUE">AADT2015</attrlabl><attalias Sync="TRUE">AADT2015</attalias><attrtype Sync="TRUE">Integer</attrtype><attwidth Sync="TRUE">10</attwidth><atprecis Sync="TRUE">10</atprecis><attscale Sync="TRUE">0</attscale></attr><attr><attrlabl Sync="TRUE">AADT2014</attrlabl><attalias Sync="TRUE">AADT2014</attalias><attrtype Sync="TRUE">Integer</attrtype><attwidth Sync="TRUE">10</attwidth><atprecis Sync="TRUE">10</atprecis><attscale Sync="TRUE">0</attscale></attr><attr><attrlabl Sync="TRUE">AADT2013</attrlabl><attalias Sync="TRUE">AADT2013</attalias><attrtype Sync="TRUE">Integer</attrtype><attwidth Sync="TRUE">10</attwidth><atprecis Sync="TRUE">10</atprecis><attscale Sync="TRUE">0</attscale></attr><attr><attrlabl Sync="TRUE">AADT2012</attrlabl><attalias Sync="TRUE">AADT2012</attalias><attrtype Sync="TRUE">Integer</attrtype><attwidth Sync="TRUE">10</attwidth><atprecis Sync="TRUE">10</atprecis><attscale Sync="TRUE">0</attscale></attr><attr><attrlabl Sync="TRUE">AADT2011</attrlabl><attalias Sync="TRUE">AADT2011</attalias><attrtype Sync="TRUE">Integer</attrtype><attwidth Sync="TRUE">10</attwidth><atprecis Sync="TRUE">10</atprecis><attscale Sync="TRUE">0</attscale></attr><attr><attrlabl Sync="TRUE">AADT2010</attrlabl><attalias Sync="TRUE">AADT2010</attalias><attrtype Sync="TRUE">Integer</attrtype><attwidth Sync="TRUE">10</attwidth><atprecis Sync="TRUE">10</atprecis><attscale Sync="TRUE">0</attscale></attr><attr><attrlabl Sync="TRUE">AADT2009</attrlabl><attalias Sync="TRUE">AADT2009</attalias><attrtype Sync="TRUE">Integer</attrtype><attwidth Sync="TRUE">10</attwidth><atprecis Sync="TRUE">10</atprecis><attscale Sync="TRUE">0</attscale></attr><attr><attrlabl Sync="TRUE">AADT2008</attrlabl><attalias Sync="TRUE">AADT2008</attalias><attrtype Sync="TRUE">Integer</attrtype><attwidth Sync="TRUE">10</attwidth><atprecis Sync="TRUE">10</atprecis><attscale Sync="TRUE">0</attscale></attr><attr><attrlabl Sync="TRUE">AADT2007</attrlabl><attalias Sync="TRUE">AADT2007</attalias><attrtype Sync="TRUE">Integer</attrtype><attwidth Sync="TRUE">10</attwidth><atprecis Sync="TRUE">10</atprecis><attscale Sync="TRUE">0</attscale></attr><attr><attrlabl Sync="TRUE">AADT2006</attrlabl><attalias Sync="TRUE">AADT2006</attalias><attrtype Sync="TRUE">Integer</attrtype><attwidth Sync="TRUE">10</attwidth><atprecis Sync="TRUE">10</atprecis><attscale Sync="TRUE">0</attscale></attr><attr><attrlabl Sync="TRUE">AADT1995</attrlabl><attalias Sync="TRUE">AADT1995</attalias><attrtype Sync="TRUE">Integer</attrtype><attwidth Sync="TRUE">10</attwidth><atprecis Sync="TRUE">10</atprecis><attscale Sync="TRUE">0</attscale></attr><attr><attrlabl Sync="TRUE">AADT2005</attrlabl><attalias Sync="TRUE">AADT2005</attalias><attrtype Sync="TRUE">Integer</attrtype><attwidth Sync="TRUE">10</attwidth><atprecis Sync="TRUE">10</atprecis><attscale Sync="TRUE">0</attscale></attr><attr><attrlabl Sync="TRUE">AADT2004</attrlabl><attalias Sync="TRUE">AADT2004</attalias><attrtype Sync="TRUE">Integer</attrtype><attwidth Sync="TRUE">10</attwidth><atprecis Sync="TRUE">10</atprecis><attscale Sync="TRUE">0</attscale></attr><attr><attrlabl Sync="TRUE">AADT2003</attrlabl><attalias Sync="TRUE">AADT2003</attalias><attrtype Sync="TRUE">Integer</attrtype><attwidth Sync="TRUE">10</attwidth><atprecis Sync="TRUE">10</atprecis><attscale Sync="TRUE">0</attscale></attr><attr><attrlabl Sync="TRUE">AADT2002</attrlabl><attalias Sync="TRUE">AADT2002</attalias><attrtype Sync="TRUE">Integer</attrtype><attwidth Sync="TRUE">10</attwidth><atprecis Sync="TRUE">10</atprecis><attscale Sync="TRUE">0</attscale></attr><attr><attrlabl Sync="TRUE">AADT2001</attrlabl><attalias Sync="TRUE">AADT2001</attalias><attrtype Sync="TRUE">Integer</attrtype><attwidth Sync="TRUE">10</attwidth><atprecis Sync="TRUE">10</atprecis><attscale Sync="TRUE">0</attscale></attr><attr><attrlabl Sync="TRUE">AADT2000</attrlabl><attalias Sync="TRUE">AADT2000</attalias><attrtype Sync="TRUE">Integer</attrtype><attwidth Sync="TRUE">10</attwidth><atprecis Sync="TRUE">10</atprecis><attscale Sync="TRUE">0</attscale></attr><attr><attrlabl Sync="TRUE">AADT1999</attrlabl><attalias Sync="TRUE">AADT1999</attalias><attrtype Sync="TRUE">Integer</attrtype><attwidth Sync="TRUE">10</attwidth><atprecis Sync="TRUE">10</atprecis><attscale Sync="TRUE">0</attscale></attr><attr><attrlabl Sync="TRUE">AADT1998</attrlabl><attalias Sync="TRUE">AADT1998</attalias><attrtype Sync="TRUE">Integer</attrtype><attwidth Sync="TRUE">10</attwidth><atprecis Sync="TRUE">10</atprecis><attscale Sync="TRUE">0</attscale></attr><attr><attrlabl Sync="TRUE">AADT1997</attrlabl><attalias Sync="TRUE">AADT1997</attalias><attrtype Sync="TRUE">Integer</attrtype><attwidth Sync="TRUE">10</attwidth><atprecis Sync="TRUE">10</atprecis><attscale Sync="TRUE">0</attscale></attr><attr><attrlabl Sync="TRUE">AADT1996</attrlabl><attalias Sync="TRUE">AADT1996</attalias><attrtype Sync="TRUE">Integer</attrtype><attwidth Sync="TRUE">10</attwidth><atprecis Sync="TRUE">10</atprecis><attscale Sync="TRUE">0</attscale></attr><attr><attrlabl Sync="TRUE">AADT1994</attrlabl><attalias Sync="TRUE">AADT1994</attalias><attrtype Sync="TRUE">Integer</attrtype><attwidth Sync="TRUE">10</attwidth><atprecis Sync="TRUE">10</atprecis><attscale Sync="TRUE">0</attscale></attr><attr><attrlabl Sync="TRUE">AADT1993</attrlabl><attalias Sync="TRUE">AADT1993</attalias><attrtype Sync="TRUE">Integer</attrtype><attwidth Sync="TRUE">10</attwidth><atprecis Sync="TRUE">10</atprecis><attscale Sync="TRUE">0</attscale></attr><attr><attrlabl Sync="TRUE">AADT1992</attrlabl><attalias Sync="TRUE">AADT1992</attalias><attrtype Sync="TRUE">Integer</attrtype><attwidth Sync="TRUE">10</attwidth><atprecis Sync="TRUE">10</atprecis><attscale Sync="TRUE">0</attscale></attr><attr><attrlabl Sync="TRUE">AADT1991</attrlabl><attalias Sync="TRUE">AADT1991</attalias><attrtype Sync="TRUE">Integer</attrtype><attwidth Sync="TRUE">10</attwidth><atprecis Sync="TRUE">10</atprecis><attscale Sync="TRUE">0</attscale></attr><attr><attrlabl Sync="TRUE">AADT1990</attrlabl><attalias Sync="TRUE">AADT1990</attalias><attrtype Sync="TRUE">Integer</attrtype><attwidth Sync="TRUE">10</attwidth><atprecis Sync="TRUE">10</atprecis><attscale Sync="TRUE">0</attscale></attr><attr><attrlabl Sync="TRUE">AADT1989</attrlabl><attalias Sync="TRUE">AADT1989</attalias><attrtype Sync="TRUE">Integer</attrtype><attwidth Sync="TRUE">10</attwidth><atprecis Sync="TRUE">10</atprecis><attscale Sync="TRUE">0</attscale></attr><attr><attrlabl Sync="TRUE">AADT1988</attrlabl><attalias Sync="TRUE">AADT1988</attalias><attrtype Sync="TRUE">Integer</attrtype><attwidth Sync="TRUE">10</attwidth><atprecis Sync="TRUE">10</atprecis><attscale Sync="TRUE">0</attscale></attr><attr><attrlabl Sync="TRUE">AADT1987</attrlabl><attalias Sync="TRUE">AADT1987</attalias><attrtype Sync="TRUE">Integer</attrtype><attwidth Sync="TRUE">10</attwidth><atprecis Sync="TRUE">10</atprecis><attscale Sync="TRUE">0</attscale></attr><attr><attrlabl Sync="TRUE">AADT1986</attrlabl><attalias Sync="TRUE">AADT1986</attalias><attrtype Sync="TRUE">Integer</attrtype><attwidth Sync="TRUE">10</attwidth><atprecis Sync="TRUE">10</atprecis><attscale Sync="TRUE">0</attscale></attr><attr><attrlabl Sync="TRUE">AADT1985</attrlabl><attalias Sync="TRUE">AADT1985</attalias><attrtype Sync="TRUE">Integer</attrtype><attwidth Sync="TRUE">10</attwidth><atprecis Sync="TRUE">10</atprecis><attscale Sync="TRUE">0</attscale></attr><attr><attrlabl Sync="TRUE">AADT1984</attrlabl><attalias Sync="TRUE">AADT1984</attalias><attrtype Sync="TRUE">Integer</attrtype><attwidth Sync="TRUE">10</attwidth><atprecis Sync="TRUE">10</atprecis><attscale Sync="TRUE">0</attscale></attr><attr><attrlabl Sync="TRUE">AADT1983</attrlabl><attalias Sync="TRUE">AADT1983</attalias><attrtype Sync="TRUE">Integer</attrtype><attwidth Sync="TRUE">10</attwidth><atprecis Sync="TRUE">10</atprecis><attscale Sync="TRUE">0</attscale></attr><attr><attrlabl Sync="TRUE">AADT1982</attrlabl><attalias Sync="TRUE">AADT1982</attalias><attrtype Sync="TRUE">Integer</attrtype><attwidth Sync="TRUE">10</attwidth><atprecis Sync="TRUE">10</atprecis><attscale Sync="TRUE">0</attscale></attr><attr><attrlabl Sync="TRUE">AADT1981</attrlabl><attalias Sync="TRUE">AADT1981</attalias><attrtype Sync="TRUE">Integer</attrtype><attwidth Sync="TRUE">10</attwidth><atprecis Sync="TRUE">10</atprecis><attscale Sync="TRUE">0</attscale></attr><attr><attrlabl Sync="TRUE">AADT2020</attrlabl><attalias Sync="TRUE">AADT2020</attalias><attrtype Sync="TRUE">Integer</attrtype><attwidth Sync="TRUE">10</attwidth><atprecis Sync="TRUE">10</atprecis><attscale Sync="TRUE">0</attscale></attr><attr><attrlabl Sync="TRUE">AADT2021</attrlabl><attalias Sync="TRUE">AADT2021</attalias><attrtype Sync="TRUE">Integer</attrtype><attwidth Sync="TRUE">10</attwidth><atprecis Sync="TRUE">10</atprecis><attscale Sync="TRUE">0</attscale></attr></detailed></eainfo><mdDateSt Sync="TRUE">20230919</mdDateSt></metadata>
