SEGID,EDITKEY,ADJ2023,ADJ2028,ADJ2032,ADJ2042,ADJ2050,NOTES,TIMESTAMP,ObjectId
dummy,dummy,0,0,0,0,0,dummy,1692824775675,1
0013_000.0,bill,0,0,-500,0,0,Smoothing,1692804900000,2
0013_000.0,bill,10000,0,-500,0,0,Smoothing,1692805178000,3
0013_000.0,bill,0,0,-500,0,0,Smoothing,1692805225000,5
0013_000.0,bill,0,0,-500,0,0,Smoothing,1692805270000,6
0015_338.5,bill,0,0,0,0,0,None,1692828703779,7
0015_339.1,bill,0,0,-1000,0,0,Smoothing,1692828739562,8
0015_339.1,bill,0,0,-2000,0,0,Smoothing,1692828746305,9
0015_338.5,bill,0,0,-1000,0,0,Smoothing,1692828766650,10
0015_340.3,bill,0,0,-1000,0,0,Smoothing,1692828781689,11
0015_342.0,bill,0,0,-2000,0,0,Smoothing,1692828798119,12
0015_343.1,bill,0,0,-2000,0,0,Smoothing,1692828815145,13
0015_343.9,bill,0,0,-1000,0,0,Smoothing,1692828826781,14
0015_346.7,bill,0,0,-1000,0,0,Smoothing,1692828852466,15
0015_345.0,bill,0,0,-1000,0,0,Smoothing,1692828861486,16
0015_339.1,bill,0,1000,-1000,0,0,Smoothing,1692903838902,17
0015_342.0,suzie,0,1000,-1000,0,0,Smoothing,1692904060718,18
0015_343.1,suzie,0,1000,-1000,0,0,Smoothing,1692904091344,19
0026_000.0,suzie,0,0,0,0,0,"Added capacity on I-15 HOV lane in 2021, widened 5600 S in 2028",1692904675712,20
0026_000.0,suzie,0,0,0,-1000,500,"Added capacity on I-15 HOV lane in 2021, widened 5600 S in 2028",1692904915417,21
0026_000.0,bill,0,0,0,-1000,1000,"Added capacity on I-15 HOV lane in 2021, widened 5600 S in 2028",1692904929476,22
0026_000.2,bill,0,0,0,-1000,500,,1692904955891,23
0026_000.2,bill,0,0,0,-1000,1000,,1692904963890,24
0026_000.2,bill,0,0,0,-1000,1000,Smoothing,1692904967521,25
0026_000.4,bill,0,0,0,0,0,Added capacity on I-15 HOV lane in 2021,1692905023138,26
0026_000.7,bill,0,0,0,0,0,None,1692905048407,27
0026_001.0,bill,0,0,0,0,0,None,1692905079665,28
0026_001.3,bill,0,0,0,0,0,None,1692905105500,29
0026_001.8,bill,0,0,0,0,0,None,1692905117779,30
0026_002.7,bill,0,0,0,0,0,None,1692905124753,31
0026_003.0,bill,0,0,0,0,0,None,1692905150274,32
0026_003.2,bill,0,0,0,0,0,None,1692905164497,33
0026_003.3,bill,500,0,0,0,0,Smoothing,1692905184380,34
0026_003.5,bill,0,500,0,-500,0,Smoothing,1692905210099,35
0037_006.2,bill,0,0,0,0,0,"High growth area, new connectivity and new",1692905353568,36
0037_006.2,bill,0,0,0,0,0,High growth area with new connectivity,1692905429684,37
0037_006.7,bill,0,0,0,0,0,High growth area with new connectivity,1692905501337,38
0037_007.2,suzie,0,0,0,500,0,Smoothing,1692905542801,39
0037_006.7,suzie,0,0,0,500,0,Smoothing,1692905559178,40
0037_006.2,suzie,0,0,-500,0,0,High growth area with new connectivity,1692905575386,41
WFRC_8087,suzie,0,0,0,0,0,BREAK SEGMENT AT 3300 SOUTH,1692905812678,42
3359_000.8,suzie,-1000,-2000,0,0,0,WHY???,1692906123886,43
3359_000.8,suzie,-1500,-3000,0,0,0,WHY???,1692906135762,44
3359_000.8,suzie,-1200,-3000,0,0,0,WHY???,1692906142960,45
0037_009.6,suzie,0,0,0,-4000,0,Smoothing,1692906460872,46
0037_009.6,suzie,0,0,0,-5000,0,Smoothing,1692906466244,47
WFRC_8088,suzie,0,0,700,0,0,Smoothing,1692906494971,48
3363_000.0,suzie,0,0,-3000,0,0,Smoothing,1692906546105,49
3363_000.0,suzie,0,0,-3500,0,0,Smoothing,1692906554726,50
3363_000.0,suzie,0,0,-3400,0,0,Smoothing,1692906560084,51
3363_000.5,suzie,0,0,-2600,0,0,Smoothing,1692906598418,52
3363_000.5,suzie,0,0,-2700,0,0,Smoothing,1692906603728,53
WFRC_8050,bill,11455,0,0,0,0,"Not in RTP phase, only in 2050 Unfunded phase",1692913203858,54
WFRC_8050,bill,0,0,0,0,0,"Not in RTP phase, only in 2050 Unfunded phase",1692913225714,55
WFRC_8209,suzie,0,0,0,0,0,none,1692913277509,56
WFRC_8208,suzie,0,400,-400,0,0,smoothing,1692913491152,57
WFRC_8208,suzie,0,400,-500,0,0,smoothing,1692913498036,58
WFRC_8208,suzie,0,500,-500,0,0,smoothing,1692913518016,59
WFRC_8207,suzie,500,500,-500,0,0,smoothing,1692914483410,60
WFRC_8207,suzie,300,500,-500,0,0,smoothing,1692914505887,61
WFRC_8206,suzie,0,0,-500,0,0,smoothing,1692914568476,62
WFRC_8206,suzie,0,0,-700,0,0,smoothing,1692914575639,63
WFRC_8205,suzie,0,0,0,-500,0,new connection in 2042,1692915178045,64
WFRC_8204,suzie,0,0,0,0,0,unfunded project - not phased,1692915320020,65
WFRC_8203,suzie,0,0,0,0,0,unfunded project - not phased,1692915355662,66
WFRC_8202,suzie,0,0,0,0,0,unfunded project - not phased,1692915364326,67
WFRC_8201,suzie,0,0,0,0,0,unfunded project - not phased,1692915382171,68
WFRC_8086,suzie,0,0,0,0,0,unfunded project - not phased,1692915419887,69
WFRC_8084,suzie,0,0,0,0,0,unfunded project - not phased,1692915772011,70
WFRC_8083,suzie,0,0,0,0,0,unfunded project - not phased,1692915786839,71
WFRC_8082,suzie,0,0,0,0,0,unfunded project - not phased,1692915796537,72
0026_003.0,bill,100,0,0,0,0,Smoothing,1693275995621,73
0026_003.2,bill,100,0,0,0,0,Smoothing,1693276011530,74
0026_003.3,bill,600,0,0,0,0,Smoothing,1693276024574,75
0026_003.5,bill,100,500,0,-500,0,Smoothing,1693276036314,76
0037_009.0,bill,0,0,-2500,0,0,WHY IS 2032 SO HIGH!,1693276125811,77
0037_009.6,bill,1500,0,0,-5000,0,Smoothing,1693276145142,78
0037_009.6,bill,1500,0,0,-5000,0,WHY IS 2042 SO HIGH!!!,1693276564676,79
0037_010.0,bill,0,0,0,0,0,WHY DID 2023 DROP!,1693276648468,80
0037_010.5,bill,0,0,0,0,0,WHY DID 2023 DROP!!,1693276713949,81
0037_011.5,bill,0,200,0,0,0,Smoothing,1693276732396,82
0039_000.0,bill,0,0,0,0,0,West Weber extension in 2050,1693276775177,83
0039_000.5,bill,0,0,0,-500,0,Smoothing,1693276795387,84
0039_002.4,bill,0,-1000,0,0,0,,1693276813433,85
0039_002.4,bill,0,-1000,0,0,0,Smoothing,1693276826114,86
0039_003.5,bill,0,0,500,-500,0,Smoothing,1693276843551,87
0039_003.5,bill,500,0,1000,-1000,0,Smoothing,1693276857078,88
0039_005.1,bill,500,0,0,0,0,Smoothing,1693276875642,89
0039_006.0,bill,0,0,500,0,0,Smoothing,1693276890235,90
0039_006.2,bill,0,0,500,0,0,Smoothing,1693277066041,91
0039_006.2,bill,0,0,1000,0,0,Smoothing,1693277074198,92
0039_006.1,bill,0,0,500,0,0,,1693277081329,93
0039_006.1,bill,0,0,500,0,0,Smoothing,1693277086756,94
0039_006.0,bill,0,0,1000,0,0,Smoothing,1693277093926,95
0039_005.1,bill,500,0,500,0,0,Smoothing,1693277103971,96
0039_006.4,bill,500,500,1000,0,0,,1693277137391,97
0039_006.4,bill,500,500,1000,0,0,Smoothing,1693277141846,98
0039_007.3,bill,0,0,1000,0,0,Smoothing,1693277169964,99
0039_007.3,bill,0,0,1000,0,0,Smoothing,1693277170964,100
0039_007.7,bill,500,500,1000,0,0,Smoothing,1693277192628,101
0039_007.7,bill,200,200,500,0,0,Smoothing,1693277204338,102
0039_007.9,bill,0,100,100,0,0,Smoothing,1693277227270,103
0039_008.7,bill,0,0,0,100,0,Smoothing,1693277252937,104
0053_000.1,bill,0,0,0,0,0,New capacity in 2042,1693277417018,105
0053_000.9,bill,0,0,0,0,0,New capacity in 2042,1693277423541,106
0053_000.1,bill,-500,0,0,0,0,New capacity in 2042,1693277480546,107
0053_000.9,bill,-500,0,0,0,0,New capacity in 2042,1693277495241,108
0053_000.9,bill,-500,500,0,0,0,New capacity in 2042,1693277502762,109
0053_001.5,bill,0,500,500,0,0,Smoothing,1693277522958,110
0053_001.7,bill,500,500,500,0,0,Smoothing,1693277538787,111
0053_001.8,bill,500,500,1000,0,0,Smoothing,1693277556784,112
0053_001.8,bill,200,200,500,0,0,Smoothing,1693277576667,113
0053_001.8,bill,200,0,300,0,0,Smoothing,1693277591808,114
0060_000.0,bill,0,500,0,0,0,Smoothing,1693277610638,115
0079_000.0,bill,0,0,0,0,0,WHY THE DROP IN 2023!,1693277642843,116
0079_000.0,bill,200,0,0,0,0,WHY THE JUMP IN 2032!,1693277669796,117
0079_000.0,bill,200,0,-500,500,0,WHY THE JUMP IN 2032!,1693277678534,118
0079_000.7,bill,0,200,0,0,0,Smoothing,1693277694446,119
0079_001.9,bill,-500,500,0,0,0,Smoothing,1693277715744,120
0079_001.9,bill,-500,500,-500,0,0,Smoothing,1693277733272,121
0079_002.5,bill,0,0,0,0,0,"New capacity on parallel corridor, Midland, in 2042.",1693277756906,122
0079_002.9,bill,500,-500,0,0,0,"New capacity on parallel corridor, Midland, in 2042.",1693277774184,123
0079_002.9,bill,500,-500,-500,0,0,"New capacity on parallel corridor, Midland, in 2042.",1693277783123,124
0079_003.0,bill,0,-500,-500,0,0,Smoothing,1693277806323,125
0079_003.3,bill,0,0,0,1000,0,Smoothing,1693277930083,126
0079_003.4,bill,500,0,0,500,0,Smoothing,1693277946611,127
0079_003.6,bill,500,0,0,500,0,Smoothing,1693277961538,128
0079_003.8,bill,500,500,500,0,0,Additional capacity in 2050,1693278016344,129
0079_003.8,bill,200,200,200,0,0,Additional capacity in 2050,1693278030621,130
0079_003.8,bill,200,200,500,0,0,Additional capacity in 2050,1693278038758,131
0079_003.8,bill,500,500,1000,0,0,Additional capacity in 2050,1693278061176,132
0079_003.8,bill,500,500,500,0,0,Additional capacity in 2050,1693278116615,133
0079_003.8,bill,0,500,500,0,0,Additional capacity in 2050,1693278132011,134
0079_003.8,bill,0,0,500,0,0,Additional capacity in 2050,1693278138280,135
0079_004.3,bill,0,0,-200,0,0,Smoothing,1693278159427,136
0079_003.9,bill,500,0,0,0,0,Smoothing,1693278280082,137
0079_003.9,bill,500,0,0,0,0,Additional capacity in 2050,1693278300163,138
0079_004.9,bill,200,0,-100,200,0,Smoothing,1693278323945,139
0079_005.0,bill,300,0,500,0,0,Smoothing,1693278342575,140
0079_005.0,bill,300,-500,0,0,0,Smoothing,1693278368143,141
0079_005.0,bill,300,-500,0,500,0,Smoothing,1693278375799,142
0079_005.1,bill,200,-500,0,500,0,Smoothing,1693278398281,143
0084_081.0,bill,-1000,0,1000,0,0,Smoothing,1693278427602,144
0084_081.7,bill,-2000,-1000,1000,0,0,Smoothing,1693278466796,145
0089_406.4,bill,-2000,0,0,0,0,New capacity in 2042,1693278534544,146
0089_406.4,bill,-1000,0,0,0,0,New capacity in 2042,1693278543333,147
0089_406.6,bill,-1000,0,0,0,0,Smoothing,1693278561548,148
0089_406.6,bill,-1000,0,0,0,0,New capacity in 2042,1693278571320,149
0089_407.0,bill,-1000,0,500,0,0,,1693278591601,150
0089_407.0,bill,-1000,0,1500,0,0,Smoothing,1693278600158,151
0089_407.0,bill,-1000,0,1500,0,0,New capacity in 2042,1693278612183,152
0089_408.1,bill,-2000,0,2000,0,0,New capacity in 2042,1693278630713,153
0089_408.4,bill,-1000,0,500,0,0,Smoothing,1693278652211,154
0089_409.3,bill,-1000,0,1000,0,0,Smoothing,1693278673792,155
0089_409.6,bill,-1000,0,1000,0,0,Smoothing,1693278690822,156
0089_410.0,bill,-1000,0,1000,0,0,Smoothing,1693278705684,157
0089_410.2,bill,-1000,0,0,0,0,Smoothing,1693278717307,158
0089_410.5,bill,-1000,0,0,0,0,Smoothing,1693278738073,159
0089_410.7,bill,-1000,0,0,0,0,Smoothing,1693278752066,160
0089_411.1,bill,-1000,0,0,0,0,Smoothing,1693278764323,161
0089_411.1,bill,-1000,0,500,0,0,Smoothing,1693278770563,162
0089_410.7,bill,-1000,0,500,0,0,Smoothing,1693278783521,163
0089_411.3,bill,-1000,0,0,0,0,Smoothing,1693278800851,164
0089_411.7,bill,-1000,0,500,0,0,Smoothing,1693278815262,165
0089_412.2,bill,-1000,0,500,0,0,Smoothing,1693278827203,166
0089_412.4,bill,0,0,0,-500,0,Smoothing,1693278843396,167
0089_412.9,bill,0,0,0,-1000,0,Smoothing,1693278865195,168
0089_413.1,bill,0,0,0,-1000,0,Smoothing,1693278903723,169
0089_413.3,bill,0,0,0,-1000,0,Smoothing,1693278914012,170
0089_413.6,bill,0,0,0,-1000,0,Smoothing,1693278926138,171
0089_413.9,bill,0,0,0,0,0,None,1693278940248,172
0089_414.2,bill,0,0,0,0,0,None,1693278947018,173
0089_414.4,bill,0,0,0,0,0,None,1693278953822,174
0089_414.5,bill,0,0,0,-1000,0,Smoothing,1693278965998,175
0089_414.9,bill,0,0,0,-1000,0,Smoothing,1693278988380,176
0089_415.4,bill,0,0,0,-1000,0,Smoothing,1693279002538,177
0089_415.9,bill,0,0,0,-1000,0,Smoothing,1693279014262,178
0089_416.5,bill,0,0,0,-1000,0,Smoothing,1693279025838,179
0089_417.0,bill,0,0,0,0,0,None,1693279034793,180
0089_417.4,bill,0,0,0,0,0,None,1693279040548,181
0089_417.9,bill,0,0,0,0,0,None,1693279046701,182
0089_418.2,bill,0,0,0,0,0,None,1693279052305,183
0089_418.6,bill,0,0,0,0,0,None,1693279058225,184
0089_419.3,bill,0,0,0,0,0,None,1693279065515,185
0089_420.1,bill,0,0,0,0,0,None,1693279076489,186
0089_420.1,bill,0,0,0,0,0,WHY SO LOW COMPARED TO SEGMENT JUST TO SOUTH!,1693279126454,187
0089_420.3,bill,0,0,0,0,0,None,1693279134043,188
0089_421.7,bill,0,0,0,0,0,None,1693279142098,189
0089_422.5,bill,0,0,0,0,0,None,1693279152122,190
0097_000.0,bill,0,0,0,0,0,West Weber extended in 2042,1693279187246,191
0097_000.0,bill,-500,0,0,0,0,West Weber extended in 2042,1693279202706,192
0097_000.5,bill,0,0,0,0,0,West Weber extended in 2042,1693279211928,193
0097_001.1,bill,0,0,0,0,0,West Weber extended in 2042,1693279215703,194
0097_001.5,bill,0,0,0,0,0,West Weber extended in 2042,1693279227905,195
0097_002.0,bill,-500,-1000,500,0,0,Smoothing,1693279244899,196
0097_003.1,bill,0,-1000,1000,0,0,Smoothing,1693279257275,197
0097_003.6,bill,0,-2000,0,0,0,Smoothing,1693279319149,198
0097_004.1,bill,0,-2000,0,0,0,Smoothing,1693279332058,199
0097_004.4,bill,0,-2000,0,0,0,Smoothing,1693279342549,200
0097_005.1,bill,0,0,0,0,0,New 1800 N interchange in 2032,1693279401238,201
0060_000.8,bill,200,200,200,0,0,Smoothing,1693279482309,202
3322_000.0,bill,200,200,0,0,0,Smoothing,1693279502922,203
3355_000.5,bill,350,400,400,0,0,Smoothing,1693279543033,204
3355_000.0,bill,350,400,500,0,0,Smoothing,1693279569733,205
3355_000.0,bill,360,300,500,0,0,Smoothing,1693279579590,206
3355_001.0,bill,350,0,0,0,0,Smoothing,1693279598771,207
0097_005.1,bill,0,0,0,0,0,New 1800 N interchange in 2028,1693279674388,208
0097_005.3,bill,-5000,-5000,0,0,0,Smoothing,1693279721485,209
0097_005.3,bill,-8000,-8000,0,0,0,Smoothing,1693279731475,210
0097_005.3,bill,-8000,-10000,0,0,0,Smoothing,1693279738113,211
0097_005.3,bill,-8000,-10000,0,-500,500,Smoothing,1693279746569,212
0104_000.0,bill,-1500,0,0,0,0,Smoothing,1693279762095,213
0104_000.0,bill,-1500,500,0,0,0,Smoothing,1693279775486,214
0104_000.7,bill,0,0,0,0,0,None,1693279782863,215
0104_001.0,bill,0,0,0,0,0,New connectivity in 2042,1693279819717,216
0104_001.8,bill,0,0,0,0,0,New connectivity in 2042,1693279825371,217
0104_002.5,bill,0,0,0,0,0,New connectivity in 2042,1693279830734,218
0108_008.5,bill,0,0,0,0,0,None,1693279850047,219
0108_009.0,bill,1000,0,0,0,0,Smoothing,1693279867111,220
0108_010.0,bill,1000,0,0,0,0,Smoothing,1693279879070,221
0108_011.3,bill,0,0,0,0,0,None,1693279899202,222
0108_010.8,bill,0,0,0,0,0,None,1693279903990,223
0108_010.1,bill,0,0,0,0,0,None,1693279910826,224
0108_012.0,bill,0,0,0,0,0,New capacity in 2042,1693279927357,225
0108_012.7,bill,0,0,0,0,0,New capacity in 2042,1693279934996,226
0126_008.2,bill,0,0,0,-1000,1000,New 1800 N interchange in 2028,1693279994625,227
0126_008.2,bill,0,0,0,-1500,1500,New 1800 N interchange in 2028,1693280005732,228
3310_000.0,bill,800,0,0,0,0,New 1800 N interchange in 2028,1693280156765,229
3310_000.5,bill,1500,0,0,0,0,New 1800 N interchange in 2028,1693280176514,230
3310_000.5,bill,1500,0,500,0,0,New 1800 N interchange in 2028,1693280184402,231
3310_000.5,bill,1500,0,500,300,0,New 1800 N interchange in 2028,1693280191824,232
3311_000.0,bill,0,0,0,0,0,None,1693280200284,233
3315_000.6,bill,-500,500,-1000,-1000,500,,1693280234356,234
3315_000.6,bill,-500,500,-1000,-1000,500,Smoothing,1693280239431,235
3316_000.6,bill,500,-500,500,0,0,Smoothing,1693280255607,236
3316_000.8,bill,-500,-1000,500,0,0,Smoothing,1693280287313,237
3316_000.8,bill,-1000,-500,1000,0,0,Smoothing,1693280306612,238
3316_000.8,bill,500,-500,1000,0,0,Smoothing,1693280315818,239
3316_000.8,bill,0,0,1000,0,0,Smoothing,1693280328828,240
3316_000.8,bill,0,-500,1000,0,0,Smoothing,1693280335900,241
3316_000.8,bill,0,-500,1000,500,0,Smoothing,1693280341922,242
3316_000.8,bill,0,-500,800,500,0,Smoothing,1693280350327,243
3316_000.8,bill,0,-500,800,600,0,Smoothing,1693280356967,244
3316_001.6,bill,-500,-500,500,0,0,Smoothing,1693280378715,245
3316_001.7,bill,0,0,0,0,0,NO MODEL DATA!,1693280394860,246
3316_001.8,bill,0,0,0,0,0,NO MODEL DATA,1693280402518,247
3318_000.0,bill,0,500,500,0,0,Smoothing,1693280416093,248
3318_000.0,bill,0,500,500,500,0,Smoothing,1693280425151,249
3320_000.0,bill,0,0,0,0,0,NO OBSERVED DATA!,1693280441481,250
3320_000.3,bill,0,0,0,0,0,NO OBSERVED DATA!,1693280455673,251
3320_000.8,bill,0,0,0,0,0,NO OBSERVED DATA!,1693280464213,252
3320_001.8,bill,0,0,0,0,0,NO OBSERVED DATA!,1693280472922,253
3320_002.4,bill,0,0,0,0,0,NO OBSERVED DATA!,1693280481778,254
3328_000.0,bill,0,0,0,0,0,None,1693280508682,255
3328_000.6,bill,0,0,0,0,0,None,1693280514635,256
3328_001.0,bill,0,0,0,0,0,None,1693280519590,257
3328_001.2,bill,100,0,0,0,0,Smoothing,1693280528295,258
3330_000.0,bill,100,0,0,0,0,Smoothing,1693280541539,259
3336_000.0,bill,0,-100,-100,0,0,Smoothing,1693280559753,260
3340_000.0,bill,-50,0,0,0,0,,1693280571563,261
3340_000.0,bill,-100,0,0,0,0,Smoothing,1693280581587,262
3340_000.8,bill,0,0,-200,0,0,Smoothing,1693280593846,263
3344_000.0,bill,0,0,-100,0,0,Smoothing,1693280613227,264
3342_000.0,bill,0,0,0,0,0,None,1693280620382,265
3344_002.2,bill,-200,-200,-100,0,0,Smoothing,1693280649388,266
3344_002.2,bill,-200,-200,-100,500,500,Smoothing,1693280660178,267
3344_002.2,bill,-200,-200,-300,500,500,Smoothing,1693280675441,268
3345_000.0,bill,0,0,0,0,0,NO MODEL DATA!,1693280686448,269
3346_000.0,bill,0,0,0,-300,0,Smoothing,1693280705929,270
3346_000.8,bill,0,0,500,-1000,500,Smoothing,1693280723928,271
3346_000.8,bill,0,0,0,-1000,500,Smoothing,1693280732726,272
3346_000.8,bill,0,0,-100,-1000,500,Smoothing,1693280740556,273
3346_000.8,bill,0,0,-100,-900,500,Smoothing,1693280748356,274
3346_001.0,bill,0,0,-500,-1000,0,,1693280763864,275
3346_001.0,bill,-200,-200,-500,-1000,500,Smoothing,1693280776879,276
3346_001.0,bill,-200,-300,-500,-1000,500,Smoothing,1693280786778,277
3347_000.0,bill,0,0,0,0,0,NO MODEL DATA!,1693280801237,278
3347_000.7,bill,0,0,0,0,0,NO MODEL DATA!,1693280807926,279
3348_000.0,bill,0,-100,-100,-200,800,Smoothing,1693280826438,280
3348_000.0,bill,0,-100,-100,-300,800,Smoothing,1693280831381,281
3348_000.8,bill,0,-200,-100,200,600,Smoothing,1693280850974,282
3348_000.8,bill,0,-200,-100,400,600,Smoothing,1693280861214,283
3348_000.8,bill,0,-200,-100,400,1200,Smoothing,1693280867687,284
3348_000.8,bill,0,-200,-100,400,1500,Smoothing,1693280872976,285
3348_000.8,bill,0,-200,-100,400,1300,Smoothing,1693280878195,286
0126_008.7,bill,0,2000,0,0,0,New capacity on I-15 in 2023.,1693328793872,287
0126_008.7,bill,0,2500,0,0,0,New capacity on I-15 in 2023.,1693328799680,288
0126_008.7,bill,0,2500,0,-1000,0,New capacity on I-15 in 2023.,1693328807814,289
0126_008.7,bill,0,0,0,-1000,0,New capacity on I-15 in 2023. New capacity on 5600 S in 2028.,1693328967752,290
0126_009.1,bill,500,0,0,0,0,,1693328981794,291
0126_009.2,bill,500,0,0,0,0,,1693328990991,292
0126_009.1,bill,500,0,0,0,0,New capacity on 5600 S in 2028.,1693329003775,293
0126_009.2,bill,500,0,0,0,0,New capacity on 5600 S in 2028.,1693329006779,294
0126_009.7,bill,0,0,500,0,0,Smoothing,1693329035295,295
0126_010.2,bill,500,0,0,0,0,Smoothing,1693329432886,296
0126_010.2,bill,0,0,0,0,0,,1693329511677,297
0126_010.2,bill,0,0,0,0,0,None,1693329516029,298
0126_010.7,bill,0,0,0,-500,0,,1693329525621,299
0126_010.7,bill,0,0,0,-500,0,Smoothing,1693329529357,300
0126_010.2,bill,-500,0,0,0,0,Smoothing and match small dip in 2023 in adjacent segments,1693329578655,301
0126_011.2,bill,-500,0,0,0,0,Smoothing and match small dip in 2023 in adjacent segments,1693329597825,302
0126_011.2,bill,-500,0,0,-500,0,Smoothing and match small dip in 2023 in adjacent segments,1693329624371,303
0126_011.7,bill,0,0,0,0,0,New I-15 capacity in 2023. New Midland capacity/connectivity in 2028,1693329706177,304
0126_012.7,bill,0,0,0,-500,0,New I-15 capacity in 2023. New Midland capacity/connectivity in 2028,1693329715814,305
3366_002.5,bill,0,0,1700,1700,1700,WHY DOES THIS DROP IN 2032?!!,1693329777463,306
3366_002.5,bill,0,0,1900,1900,1900,WHY DOES THIS DROP IN 2032?!!,1693329786080,307
3366_002.5,bill,0,0,0,0,0,New connectivity in 2023,1693329892963,308
3315_000.0,bill,0,500,0,-500,0,Smoothing,1693330087195,309
3315_000.0,bill,0,500,-500,-500,0,Smoothing,1693330096577,310
0126_013.3,bill,0,0,0,0,0,New Midland,1693330169913,311
0126_013.3,bill,0,0,0,0,0,New Midland capacity/connectivity in 2028,1693330778281,312
0126_013.3,bill,0,0,0,0,0,New Midland capacity/connectivity in 2028. New connectivity in 2032.,1693330811839,313
0126_013.7,bill,3000,300,3000,3000,3000,New Midland capacity/connectivity in 2028. New connectivity in 2032.,1693330905328,314
0126_013.7,bill,3000,3000,3000,3000,3000,New Midland capacity/connectivity in 2028. New connectivity in 2032.,1693330966597,315
0039_002.4,bill,0,-1000,0,0,0,Added capacity in 2042.,1693330987331,316
0039_001.5,bill,0,0,0,0,0,Added capacity in 2042.,1693330995661,317
0126_014.5,bill,0,0,0,0,0,Added capacity in 2042,1693331080465,318
0126_014.9,bill,0,0,0,0,0,Added capacity in 2042,1693331091044,319
0126_016.1,bill,0,0,0,0,0,Added capacity in 2042,1693331100180,320
0126_017.5,bill,0,500,1000,0,0,,1693331181628,321
0126_017.5,bill,0,500,1000,0,0,Smoothing,1693331187081,322
0126_017.5,bill,0,0,500,0,0,Smoothing,1693331202736,323
0126_017.5,bill,0,500,1000,500,0,Smoothing,1693331219473,324
0126_017.5,bill,0,500,1500,0,0,Smoothing,1693331225072,325
0126_018.7,bill,0,-500,500,0,0,2032 INTERCHANGE IMPROVEMENTS???,1693331283864,326
0126_019.7,bill,0,0,500,0,0,Smoothing,1693331306426,327
0126_019.7,bill,0,0,500,-500,0,Smoothing,1693331315214,328
3364_000.5,bill,-100,200,0,0,0,Smoothing,1693331438633,329
3364_000.0,bill,0,100,0,0,0,Smoothing,1693331450951,330
3364_001.5,bill,0,0,0,0,0,None,1693331463421,331
3364_002.5,bill,0,0,0,0,0,None,1693331467569,332
3366_000.0,bill,0,0,-200,1400,0,Smoothing,1693331520195,333
3366_001.5,bill,0,500,-500,0,0,New road to west in 2042,1693331640194,334
3366_002.1,bill,500,-500,0,0,0,Smoothing,1693331656205,335
3366_002.1,bill,-500,500,0,0,0,Smoothing,1693331662061,336
3366_002.1,bill,-200,500,0,0,0,Smoothing,1693331669897,337
3366_002.1,bill,0,500,0,0,0,Smoothing,1693331677204,338
3367_000.0,bill,100,0,0,0,0,Smoothing,1693331707181,339
3367_001.0,bill,100,0,0,0,0,Smoothing,1693331718592,340
3368_000.0,bill,0,0,0,0,0,NO MODEL DATA!!,1693331733005,341
3368_000.5,bill,0,0,0,0,0,New connectivity in 2042,1693331759094,342
3368_001.2,bill,0,0,0,0,0,New connectivity in 2042,1693331778093,343
3368_001.2,bill,0,0,0,-500,0,New connectivity in 2042,1693331884650,344
3368_001.7,bill,0,0,0,-500,0,Smoothing,1693331894684,345
3368_002.7,bill,0,0,0,-1200,0,Smoothing,1693331930404,346
3368_002.7,bill,0,0,0,-1800,0,Smoothing,1693331939374,347
3368_002.7,bill,0,0,0,-1500,0,Smoothing,1693331947264,348
3368_002.7,bill,0,0,-200,-1500,0,Smoothing,1693331955340,349
3368_004.0,bill,0,0,0,-200,0,Smoothing,1693331972420,350
3368_004.0,bill,0,100,0,-200,0,Smoothing,1693331978653,351
3371_000.0,bill,0,0,0,-500,0,Smoothing,1693332015131,352
3371_002.3,bill,0,0,0,-500,0,Smoothing,1693332025195,353
3374_000.0,bill,0,0,0,500,0,Smoothing,1693332043443,354
3374_002.4,bill,0,0,0,0,0,None,1693332057939,355
3374_003.3,bill,0,0,0,-500,0,Smoothing,1693332066519,356
3380_000.0,bill,0,0,0,0,0,Additional capacity on parallel corridor in 2050.,1693332129769,357
3380_000.1,bill,0,0,500,0,0,Additional capacity on parallel corridor in 2050.,1693332140523,358
3380_000.6,bill,100,100,200,0,0,Additional capacity on parallel corridor in 2050.,1693332156556,359
3381_000.0,bill,0,-500,500,0,0,Additional capacity in 2028,1693332183302,360
3381_000.0,bill,0,-500,500,-500,0,Additional capacity in 2028,1693332188254,361
3382_000.0,bill,500,-500,0,-500,0,Additional connectivity in 2032,1693332289899,362
3382_000.0,bill,200,-500,0,-500,0,Additional connectivity in 2032,1693332301807,363
3384_000.0,bill,100,100,100,100,0,Smoothing,1693332330097,364
3384_000.1,bill,100,100,100,0,0,Smoothing,1693332346499,365
3384_000.3,bill,100,100,100,0,0,Smoothing,1693332359444,366
3384_000.4,bill,100,0,0,200,0,Additional capacity on parallel corridor in 2050.,1693332412813,367
3384_000.6,bill,0,0,0,0,0,None,1693332428988,368
3384_001.0,bill,100,100,300,0,0,Smoothing,1693332448338,369
3384_001.0,bill,100,0,200,0,0,Smoothing,1693332458249,370
3384_001.0,bill,100,0,100,0,0,Smoothing,1693332469297,371
3384_001.0,bill,100,0,200,0,0,Smoothing,1693332477012,372
3384_001.6,bill,100,100,0,0,0,Smoothing,1693332490379,373
3384_001.6,bill,100,100,0,0,0,Smoothing,1693332490653,374
3386_000.0,bill,0,0,0,0,0,NO MODEL DATA!,1693332504271,375
3386_000.1,bill,0,0,0,0,0,Additional capacity on parallel corridor in 2050.,1693332519185,376
3394_000.0,bill,0,-100,0,0,0,Smoothing,1693332532677,377
3394_000.1,bill,0,0,0,0,0,None,1693332542078,378
3394_000.4,bill,0,0,0,0,0,None,1693332547035,379
3394_000.7,bill,0,0,0,0,0,None,1693332615436,380
3398_000.0,bill,100,0,0,0,0,Smoothing,1693332624340,381
3400_000.0,bill,300,300,300,0,0,Smoothing,1693332644938,382
3400_000.0,bill,300,300,200,0,0,Smoothing,1693332653726,383
3400_000.0,bill,300,300,200,200,0,Smoothing,1693332661982,384
3400_000.0,bill,300,300,200,200,0,Smoothing,1693332666484,385
3400_000.1,bill,200,100,200,0,0,Smoothing,1693332703874,386
3400_000.3,bill,0,0,100,100,0,Smoothing,1693332716584,387
3400_000.3,bill,0,0,100,200,0,Smoothing,1693332733796,388
3400_000.4,bill,0,0,-200,0,0,Smoothing,1693332750948,389
3400_000.6,bill,0,0,0,0,0,None,1693332761843,390
3402_000.0,bill,0,0,0,0,0,NO MODEL DATA!,1693332792542,391
3404_000.0,bill,0,0,0,0,0,None,1693332810222,392
3404_000.6,bill,0,0,0,0,0,None,1693332820138,393
3404_000.9,bill,0,0,0,0,0,None,1693332826150,394
3404_001.2,bill,0,0,0,0,0,None,1693332833198,395
3404_001.5,bill,0,0,0,0,0,None,1693332844383,396
3404_001.8,bill,500,500,0,0,0,Smoothing,1693332864902,397
3404_001.8,bill,500,0,500,0,0,Smoothing,1693332876617,398
3404_002.1,bill,500,0,500,0,0,Smoothing,1693332889587,399
3404_002.4,bill,0,0,0,600,0,Smoothing,1693332905935,400
3404_002.4,bill,0,0,0,100,0,Smoothing,1693332938959,401
3404_003.1,bill,0,0,0,0,0,New connectivity further north in 2050,1693332957649,402
3404_002.4,bill,0,0,0,100,0,New connectivity further north in 2050,1693332961405,403
3404_003.5,bill,0,0,0,0,0,New connectivity further north in 2050,1693332970365,404
3404_003.8,bill,0,0,0,0,0,New connectivity further north in 2050,1693332974352,405
3404_004.0,bill,0,0,0,0,0,New connectivity further north in 2050,1693332978093,406
3404_004.5,bill,0,-200,0,0,0,New connectivity further north in 2050,1693332989877,407
3404_004.5,bill,0,-200,200,0,0,New connectivity further north in 2050,1693332997111,408
3404_005.1,bill,0,0,3000,3000,0,New connectivity further north in 2050,1693333049898,409
3404_005.1,bill,0,0,3000,2500,0,New connectivity further north in 2050,1693333056320,410
3404_005.1,bill,0,0,3000,2200,0,New connectivity further north in 2050,1693333066124,411
3404_005.1,bill,0,0,3000,2200,0,New connectivity further north in 2050. WHY BIG DROP IN 2032?,1693333082504,412
3404_005.8,bill,0,0,100,0,0,New connectivity/capacity in 2050,1693333108226,413
3404_005.8,bill,0,0,200,0,0,New connectivity/capacity in 2050,1693333112869,414
3404_006.6,bill,0,0,0,0,0,NO MODEL DATA!,1693333134308,415
3406_000.0,bill,0,0,0,0,0,None,1693333152777,416
3406_000.5,bill,0,0,0,0,0,NO MODEL DATA!,1693333161375,417
3410_000.0,bill,0,0,0,-200,0,Smoothing,1693333209841,418
3410_000.6,bill,0,0,0,-100,0,Smoothing,1693333222702,419
3410_000.7,bill,0,0,-300,-300,0,Smoothing,1693333240291,420
3410_000.9,bill,0,0,0,0,0,None,1693333248967,421
3410_001.1,bill,0,0,100,0,0,Smoothing,1693333263704,422
3410_001.4,bill,0,0,0,0,0,None,1693333278593,423
3410_001.7,bill,0,0,100,0,0,Smoothing,1693333288667,424
3410_002.0,bill,0,0,0,0,0,None,1693333302524,425
3412_000.1,bill,200,0,0,0,0,Smoothing,1693333347426,426
3412_000.3,bill,100,0,0,-100,0,Smoothing,1693333359304,427
3412_000.4,bill,0,0,0,0,100,Smoothing,1693333373241,428
3412_000.6,bill,0,0,0,-100,0,Smoothing,1693333383933,429
3412_001.0,bill,100,0,0,0,0,Smoothing,1693333394651,430
3412_001.6,bill,0,0,0,0,0,None,1693333405996,431
3414_000.0,bill,500,0,0,200,0,Smoothing,1693333423863,432
3414_000.1,bill,500,0,400,0,0,Smooth,1693333445019,433
3414_000.3,bill,300,0,0,0,0,Smoothing,1693333462855,434
3416_000.0,bill,500,0,0,0,0,,1693333478772,435
3416_000.0,bill,500,0,0,0,0,New capacity on adjacent corridor in 2042,1693333499991,436
3416_000.1,bill,0,0,0,0,0,New capacity on adjacent corridor in 2042,1693333507232,437
3416_000.1,bill,500,0,0,0,0,New capacity on adjacent corridor in 2042,1693333510808,438
3416_000.3,bill,500,0,0,500,0,,1693333527386,439
3416_000.3,bill,500,0,0,500,0,Smoothing,1693333533686,440
3416_000.3,bill,500,500,500,0,0,New capacity on adjacent corridor in 2042,1693333549084,441
3416_000.3,bill,500,500,500,0,0,New capacity on adjacent corridor in 2042,1693333549510,442
3416_000.4,bill,0,0,0,0,0,New capacity on adjacent corridor in 2042,1693333569030,443
3416_000.4,bill,0,0,0,0,0,New capacity on adjacent corridor in 2042 and 2050,1693333579916,444
3416_000.6,bill,0,0,0,0,0,New capacity on adjacent corridor in 2042 and 2050,1693333588864,445
3416_000.6,bill,0,0,0,0,0,New capacity on adjacent corridor in 2042 and 2050,1693333589312,446
3416_001.0,bill,0,0,0,0,0,New capacity on adjacent corridor in 2050,1693333605446,447
3418_000.0,bill,-500,0,0,0,0,Smoothing,1693334517996,448
3418_000.0,bill,-500,0,-500,0,0,Smoothing,1693334527119,449
3424_000.0,bill,0,0,500,0,0,Smoothing,1693334542687,450
3424_000.0,bill,0,0,200,0,0,Smoothing,1693334547305,451
3424_000.5,bill,0,0,0,-100,0,Smoothing,1693334565966,452
3424_000.9,bill,0,0,0,0,0,None,1693334590059,453
3426_000.0,bill,0,-100,100,0,0,Smoothing,1693334604446,454
3426_000.3,bill,0,100,100,0,0,Smoothing,1693334620800,455
3430_000.0,bill,0,100,100,200,0,Smoothing,1693334637510,456
3430_000.0,bill,0,200,200,300,0,Smoothing,1693334648050,457
3430_000.4,bill,0,600,600,600,600,Smoothing,1693334686412,458
3432_001.0,bill,0,-200,0,0,0,Smoothing,1693334748934,459
3432_000.0,bill,0,500,0,500,500,Add some growth,1693334791001,460
3430_001.2,bill,0,500,500,1000,1000,Add some growth,1693334811996,461
3430_001.2,bill,0,0,0,0,0,None,1693334835539,462
3432_000.0,bill,0,500,500,1000,1000,Add some growth,1693334847553,463
3432_000.6,bill,0,0,0,0,1000,Smoothing,1693334907336,464
3432_000.6,bill,0,0,0,1500,0,Smoothing,1693334921214,465
3432_000.6,bill,0,0,0,1500,0,Additional connectivity in 2050,1693334996750,466
3432_001.0,bill,0,-200,0,0,0,Additional connectivity in 2050,1693335000512,467
3432_001.7,bill,0,0,0,0,0,None,1693335008692,468
3434_000.0,bill,100,100,-100,0,0,Smoothing,1693335036590,469
3434_000.2,bill,0,0,0,0,-600,To make consistent with adjacent segments in 2050,1693335071499,470
0235_000.5,bill,0,0,0,0,0,Additional connectivity in 2050,1693335101717,471
3434_000.4,bill,0,0,-6000,-6000,-6000,WHY BIG JUMP IN 2032?!!,1693335160278,472
0235_001.2,bill,0,0,0,0,5000,,1693335261948,473
3450_000.0,bill,0,0,0,0,-6500,Adjust shift,1693335454255,474
3450_000.0,bill,0,0,0,0,-3000,Adjust shift,1693335475989,475
3454_000.0,bill,0,0,0,0,2000,,1693335488004,476
3454_000.0,bill,0,0,0,0,0,None,1693335549186,477
3451_000.0,bill,0,0,0,0,0,None,1693335569118,478
0235_001.2,bill,0,0,0,0,0,WHY SO FAR DROP 2050,1693335983445,479
3450_000.0,bill,0,0,0,0,0,WHY SO FAR JUMP 2050,1693335994637,480
3452_000.6,bill,1000,500,500,0,0,Smoothing,1693336221063,481
3452_000.7,bill,1500,500,0,0,0,Smoothing,1693336250220,482
3452_000.7,bill,1500,500,500,500,0,Smoothing,1693336257141,483
3452_000.7,bill,1500,500,500,500,500,Smoothing,1693336265268,484
3452_000.7,bill,1500,500,0,500,0,Smoothing,1693336272034,485
3452_000.7,bill,1500,500,0,0,0,Smoothing,1693336280818,486
3452_000.7,bill,1000,500,0,0,0,Smoothing,1693336289620,487
3452_000.7,bill,0,0,0,0,0,New connectivity in 2023,1693336383025,488
3452_000.7,bill,0,0,0,0,0,New connectivity in 2023. New connectivity in 2050.,1693336394881,489
3452_000.6,bill,0,0,0,0,0,New connectivity in 2023. New connectivity in 2050.,1693336406895,490
3452_000.6,bill,0,0,0,0,0,New connectivity in 2023.,1693336413491,491
3462_002.3,bill,0,0,500,0,0,New connectivity in 2023.,1693336435561,492
3462_002.8,bill,0,0,0,0,0,None,1693336452189,493
3465_000.0,bill,0,0,0,0,0,New connectivity in 2032,1693336480601,494
3466_000.1,bill,0,0,0,0,0,New connectivity in 2032.,1693336502601,495
3466_000.3,bill,0,0,100,0,0,Smoothing,1693336515848,496
3470_000.0,bill,0,0,100,0,0,Smoothing,1693336528849,497
WFRC_8006,bill,-2000,-1000,-2000,0,0,Drop down a bit,1693336659705,498
WFRC_8006,bill,0,0,0,0,0,New US-89 capacity in 2042.,1693336701680,499
WFRC_8027,bill,0,0,0,0,0,West Weber extension in 2042,1693336729216,500
WFRC_8028,bill,0,0,0,0,0,WHY?!!,1693336770152,501
WFRC_8028,bill,0,0,0,0,0,NO OBSERVED DATA!! NO MODEL DATA!!,1693336783080,502
WFRC_8031,bill,0,0,-200,0,0,New capacity on parallel corridor in 2050,1693336831156,503
WFRC_8034,bill,0,0,0,0,0,NO OBSERVED DATA!! NO MODEL DATA!!,1693336845813,504
WFRC_8035,bill,0,0,0,0,0,NO OBSERVED DATA!! NO MODEL DATA!!,1693336850389,505
WFRC_8044,bill,0,0,0,0,0,NO OBSERVED DATA!,1693336873781,506
WFRC_8045,bill,0,0,0,0,0,NO OBSERVED DATA!! NO MODEL DATA!!,1693336881203,507
WFRC_8072,bill,0,0,0,0,0,NO OBSERVED DATA!! NO MODEL DATA!!,1693336904507,508
WFRC_8073,bill,0,0,0,0,0,NO OBSERVED DATA!! NO MODEL DATA!!,1693336930305,509
WFRC_8074,bill,0,0,0,0,0,NO OBSERVED DATA!! NO MODEL DATA!!,1693336936741,510
WFRC_8075,bill,0,0,0,0,0,NO OBSERVED DATA!! NO MODEL DATA!!,1693336943335,511
WFRC_8076,bill,0,0,0,-400,500,,1693336963839,512
WFRC_8076,bill,0,0,0,-500,500,,1693336969825,513
WFRC_8076,bill,0,0,0,-500,500,Smoothing,1693336973781,514
WFRC_8077,bill,0,0,0,0,0,NO OBSERVED DATA!! NO MODEL DATA!!,1693336979947,515
WFRC_8078,bill,0,0,0,0,0,NO OBSERVED DATA!! NO MODEL DATA!!,1693336989271,516
WFRC_8079,bill,0,0,0,0,0,NO OBSERVED DATA!! NO MODEL DATA!!,1693337008176,517
3440_005.3,bill,0,0,0,0,0,WHY DROP in 2028?!!,1693337266772,518
3440_005.8,bill,0,0,0,0,0,NO MODEL DATA!,1693337275594,519
WFRC_8080,bill,0,-200,0,0,0,WHY DROP in 2028?!!,1693337335367,520
WFRC_8080,bill,100,0,0,0,0,WHY DROP in 2028?!!,1693337343037,521
WFRC_8081,bill,0,0,0,0,0,None,1693337381308,522
WFRC_8085,bill,0,0,0,0,0,NO OBSERVED DATA / NO MODEL DATA,1693337506030,523
3412_000.0,bill,200,100,100,0,0,Smoothing,1693337571972,524
0204_001.2,bill,1000,0,0,0,0,Smoothing,1693337593384,525
0204_001.2,bill,1000,0,0,0,0,New connectivity in 2042,1693337615980,526
0204_001.5,bill,500,0,0,0,0,Smoothing,1693337633804,527
0204_001.1,bill,0,0,0,0,0,New connectivity in 2042,1693337654498,528
0204_000.4,bill,0,0,0,0,0,None,1693337662404,529
0204_000.1,bill,0,0,0,0,0,None,1693337669516,530
0204_000.0,bill,0,0,0,0,0,None,1693337674976,531
0203_005.4,bill,0,0,0,0,0,None,1693337690408,532
0203_005.1,bill,0,0,0,0,0,None,1693337697590,533
0203_004.8,bill,0,0,0,0,0,None,1693337702576,534
0203_004.5,bill,0,0,0,0,0,None,1693337708216,535
0203_004.2,bill,0,0,0,0,0,None,1693337712866,536
0203_003.9,bill,0,0,0,0,0,None,1693337717392,537
0203_003.1,bill,0,0,0,0,0,None,1693337722390,538
0203_002.3,bill,0,0,0,0,0,None,1693337730150,539
0203_001.8,bill,-1000,-500,500,0,0,Smoothing,1693337745978,540
0203_001.8,bill,-500,-500,500,0,0,Smoothing,1693337750814,541
0203_000.5,bill,0,500,1000,0,0,Smoothing,1693337791127,542
0203_000.5,bill,0,0,1000,0,0,Smoothing,1693337806979,543
0203_000.5,bill,0,0,1500,0,0,Smoothing,1693337813259,544
0203_001.6,bill,0,0,1500,0,0,Smoothing,1693337824375,545
0203_000.0,bill,0,0,500,0,0,Smoothing,1693337834627,546
0168_000.0,bill,0,0,0,0,0,NO MODEL DATA!!,1693337853613,547
0134_013.1,bill,500,0,0,0,0,Smoothing,1693337867315,548
0134_012.5,bill,0,0,0,0,0,None,1693337873983,549
0134_012.4,bill,0,0,0,0,0,None,1693337882719,550
0134_011.9,bill,0,0,0,0,0,None,1693337894562,551
0134_011.3,bill,0,0,0,0,0,None,1693337899700,552
0134_010.5,bill,0,0,0,0,0,None,1693337906878,553
0134_009.2,bill,0,0,0,0,0,None,1693337915364,554
0134_008.5,bill,0,0,0,0,0,None,1693337920708,555
0134_007.4,bill,0,0,0,0,0,None,1693337926418,556
0134_007.1,bill,0,0,0,0,0,None,1693337933186,557
0134_006.5,bill,0,0,0,0,0,None,1693337938872,558
0134_003.8,bill,0,0,0,0,0,None,1693337953912,559
0134_003.0,bill,0,0,0,-2000,0,Smoothing,1693338000462,560
0134_003.0,bill,0,0,0,-2000,0,West Weber in 2042 and further in 2050,1693338030909,561
0134_002.0,bill,0,0,0,0,0,West Weber in 2042 and further in 2050,1693338036426,562
0134_000.0,bill,0,0,0,0,0,WHY JUMP in 2028?!! West Weber extension in 2050.,1693338116473,563
0134_001.0,bill,0,0,0,0,0,WHY JUMP in 2028?!! West Weber extension in 2050.,1693338120991,564
0134_002.0,bill,0,0,0,0,0,WHY JUMP in 2028?!! West Weber extension in 2050.,1693338130283,565
0134_006.5,bill,0,0,0,0,0,High growth area,1693338167060,566
0134_007.1,bill,0,0,0,0,0,High growth area.,1693338176242,567
0134_007.1,bill,0,0,0,0,0,High growth area,1693338188440,568
0134_007.4,bill,0,0,0,0,0,High growth area,1693338197614,569
0134_008.5,bill,0,0,0,0,0,High growth area,1693338201758,570
0134_009.2,bill,0,0,0,0,0,High growth area,1693338205216,571
0134_010.5,bill,0,0,0,0,0,High growth area,1693338210111,572
3360_001.4,bill,200,100,100,0,0,Smoothing,1693338258067,573
3360_001.1,bill,100,0,300,300,0,Smoothing,1693338315019,574
3360_000.9,bill,0,0,200,200,0,Smoothing,1693338328237,575
3360_000.7,bill,0,0,0,0,0,None,1693338340055,576
3360_000.0,bill,0,0,0,0,0,None,1693338347071,577
3356_000.0,bill,0,0,500,0,0,Smoothing,1693338438558,578
3356_000.1,bill,0,0,500,0,0,Smoothing,1693338449968,579
3356_000.3,bill,0,0,500,0,0,Smoothing,1693338459542,580
3356_000.4,bill,0,0,0,0,0,None,1693338469570,581
3356_000.6,bill,0,0,0,0,0,None,1693338488626,582
3356_001.2,bill,0,0,0,0,0,None,1693338495199,583
3356_001.4,bill,0,0,0,0,0,None,1693338500460,584
3357_000.0,bill,0,0,0,0,0,New connectivity in 2050,1693338556887,585
3357_000.7,bill,0,0,0,0,0,New connectivity in 2050,1693338562671,586
3358_000.0,bill,0,0,0,-500,0,Smoothing,1693338584209,587
3359_000.8,bill,0,0,0,0,0,WHY???,1693340554801,588
0108_008.5,bill,0,-3000,-3000,0,0,Bring down to be more consistent with adjacent segments.,1693341486445,589
0108_008.5,bill,0,-3000,-3000,-2000,0,Bring down to be more consistent with adjacent segments.,1693341495139,590
0108_008.5,bill,0,-3000,-4000,-2000,0,Bring down to be more consistent with adjacent segments.,1693341501507,591
0108_011.6,bill,0,0,0,0,0,None,1693341530571,592
0037_010.5,bill,2400,1200,600,0,0,WHY DID 2023 DROP!!,1693347751772,593
0037_010.5,bill,2400,2400,2400,0,0,Account for change in area type,1693347772884,594
0037_010.0,bill,1800,1800,0,0,0,WHY DID 2023 DROP!,1693347786700,595
0037_010.0,bill,1800,2000,0,0,0,WHY DID 2023 DROP!,1693347795832,596
0037_010.0,bill,2000,2000,0,0,0,WHY DID 2023 DROP!,1693347810145,597
0037_010.0,bill,2100,2000,0,0,0,WHY DID 2023 DROP!,1693347822793,598
0037_010.0,bill,2100,1900,0,0,0,WHY DID 2023 DROP!,1693347829315,599
0037_010.0,bill,2100,1900,0,0,0,Adjust for change in area type of segment to east.,1693347843117,600
3308_000.5,bill,-500,0,0,0,0,Shifted from parallel segment to north,1693347912582,601
3308_000.0,bill,-500,-500,0,0,0,Shifted from parallel segment to north,1693347922630,602
3359_000.8,bill,-1200,-2000,0,0,0,Shifted from adjacent segment that was adjusted due to area type,1693347958415,603
3359_000.8,bill,-1200,-3000,0,0,0,Shifted from adjacent segment that was adjusted due to area type,1693347961989,604
1082_013.3,bill,0,0,-500,0,0,Smoothing,1693348551115,605
3444_000.3,bill,0,0,0,0,0,High growth area,1693348569073,606
3444_000.0,bill,0,0,0,0,0,High growth area,1693348577265,607
3446_000.0,bill,500,0,0,0,0,Smoothing,1693348590291,608
3446_000.0,bill,600,0,0,0,0,Smoothing,1693348597095,609
3446_000.0,bill,700,0,0,0,0,Smoothing,1693348602325,610
3446_000.0,bill,700,0,0,500,0,Smoothing,1693348609409,611
3446_000.5,bill,1000,500,0,0,0,Adjust for area type change,1693348653791,612
3446_000.5,bill,1000,500,500,0,0,Adjust for area type change,1693348659760,613
3446_000.5,bill,1000,500,200,0,0,Adjust for area type change,1693348664084,614
0015_349.4,bill,0,0,0,0,0,None,1693348677981,615
3458_002.1,bill,200,0,0,0,0,Smoothing,1693348692343,616
3459_000.1,bill,0,100,-100,0,0,Smoothing,1693348710057,617
3459_000.0,bill,0,0,0,0,0,None,1693348721411,618
3458_000.0,bill,0,-500,0,0,0,Additional capacity on parallel facility in 2032,1693348759776,619
3458_000.0,bill,0,-600,0,0,0,Additional capacity on parallel facility in 2032,1693348774686,620
3462_000.2,bill,0,0,0,0,0,Additional capacity on parallel facility in 2032,1693348802196,621
3462_000.0,bill,0,0,0,0,0,Additional capacity on parallel facility in 2032,1693348809852,622
3466_000.0,bill,0,0,0,0,0,Additional capacity on parallel facility in 2032,1693348815652,623
3458_001.5,bill,500,-500,0,0,0,Additional capacity on parallel facility in 2032,1693348826162,624
3458_001.5,bill,500,-600,0,0,0,Additional capacity on parallel facility in 2032,1693348834096,625
3458_001.5,bill,100,-600,0,0,0,Additional capacity on parallel facility in 2032,1693348839024,626
3456_000.8,bill,0,-500,0,0,0,Additional capacity on parallel facility in 2032,1693348875571,627
3456_000.8,bill,0,-600,600,0,0,Additional capacity on parallel facility in 2032,1693348887395,628
3456_000.8,bill,0,-600,600,0,0,Additional capacity on parallel facility in 2050,1693348907265,629
3456_000.8,bill,0,-600,600,0,0,Additional connectivity on parallel facility in 2050,1693348913731,630
3456_000.5,bill,0,0,0,0,0,Additional capacity on parallel facility in 2050,1693348937675,631
3456_000.1,bill,0,0,0,0,0,Additional capacity on parallel facility in 2050,1693348946483,632
3456_000.0,bill,0,0,0,0,0,Additional capacity on parallel facility in 2050,1693348953086,633
0235_003.1,bill,500,0,0,0,0,Additional capacity on parallel facility in 2050,1693348960929,634
0235_002.6,bill,0,0,0,0,0,Additional capacity on parallel facility in 2050,1693348969525,635
0235_002.4,bill,0,0,0,0,0,Additional capacity on parallel facility in 2050,1693348976974,636
0235_002.0,bill,0,0,0,0,0,Additional capacity on parallel facility in 2050,1693348982509,637
3457_000.0,bill,0,0,0,0,0,None,1693348989485,638
3455_000.6,bill,0,0,0,0,0,None,1693348997467,639
3455_000.0,bill,0,0,0,-100,0,Smoothing,1693349011697,640
3452_000.0,bill,500,0,0,0,0,Additional capacity on parallel facility in 2050,1693349030407,641
3452_000.0,bill,500,500,0,0,0,Additional capacity on parallel facility in 2050,1693349038102,642
3462_001.3,bill,400,0,0,0,0,Additional capacity on parallel facility in 2050,1693349088987,643
3462_001.9,bill,0,0,0,0,0,Additional capacity on parallel facility in 2032,1693349115895,644
3453_000.0,bill,0,0,0,0,0,Additional capacity on parallel facility in 2023 and 2050,1693349153124,645
3437_000.6,bill,100,0,0,0,0,Additional capacity on parallel facility in 2050,1693349167780,646
3437_000.1,bill,100,0,50,0,0,Additional capacity on parallel facility in 2050,1693349181708,647
3437_000.1,bill,50,0,50,0,1400,Additional capacity on parallel facility in 2050,1693349207020,648
3437_000.1,bill,50,0,50,-600,1600,Additional capacity on parallel facility in 2050,1693349216512,649
3437_000.1,bill,50,0,50,-300,1600,Additional capacity on parallel facility in 2050,1693349221856,650
3437_000.1,bill,50,0,50,-400,1700,Additional capacity on parallel facility in 2050,1693349229901,651
3454_000.6,bill,0,0,0,0,0,Additional capacity on parallel facility in 2050,1693349256994,652
3450_000.5,bill,0,0,0,0,0,Additional capacity on parallel facility in 2050,1693349262228,653
3437_000.0,bill,0,0,0,-600,1400,Additional capacity on parallel facility in 2050,1693349275424,654
3437_000.0,bill,0,0,0,-600,1600,Additional capacity on parallel facility in 2050,1693349281054,655
3437_000.0,bill,0,0,0,-600,1800,Additional capacity on parallel facility in 2050,1693349289408,656
3438_003.2,bill,0,0,0,0,0,Additional capacity on parallel facility in 2050,1693349299386,657
3438_004.7,bill,0,0,0,0,0,NO MODEL DATA,1693349307460,658
3452_001.1,bill,0,0,0,0,0,NO MODEL DATA,1693349314652,659
3438_002.5,bill,0,0,0,0,0,Additional capacity on parallel facility in 2050,1693349342877,660
3438_001.7,bill,0,0,0,0,0,Additional capacity on parallel facility in 2050,1693349347594,661
3438_001.2,bill,0,0,0,0,0,Additional capacity on parallel facility in 2050,1693349363136,662
3438_000.7,bill,0,0,0,0,0,Additional capacity on parallel facility in 2050,1693349367684,663
3438_000.7,bill,-500,500,0,0,0,Additional capacity on parallel facility in 2050,1693349373773,664
3438_000.9,bill,-500,500,0,0,0,Additional capacity on parallel facility in 2050,1693349383972,665
3438_000.5,bill,-500,500,0,0,0,Additional capacity on parallel facility in 2050,1693349393174,666
3438_000.0,bill,0,0,0,-500,0,Additional capacity on parallel facility in 2050,1693349406040,667
0039_007.3,bill,-500,0,500,0,0,Smoothing,1693349418632,668
0039_007.3,bill,-500,0,500,500,0,Smoothing,1693349430620,669
0039_007.3,bill,-500,0,1000,500,0,Smoothing,1693349438061,670
3306_005.5,bill,0,0,0,0,0,West Weber extension in 2050... Why is 2042 so high on 2-lane road!!,1693361034643,671
3306_004.8,bill,0,0,0,0,0,West Weber extension in 2050... Why is 2042 so high on 2-lane road!!,1693361042663,672
3306_000.0,bill,0,0,0,0,0,NO MODEL DATA!,1693361053053,673
1508_000.8,bill,0,0,0,0,0,New US-89 capacity in 2042,1693361094217,674
WFRC_8006,bill,-7500,-7500,-7500,-7500,-7500,Match adjustment to segment to north. New US-89 capacity in 2042.,1693361234328,675
1508_001.2,bill,0,0,0,0,0,New US-89 capacity in 2042,1693361270618,676
3308_001.5,bill,0,0,0,0,0,Additional capacity on parallel road (5600 S) in 2028,1693361389831,677
3308_001.5,bill,0,-500,0,0,0,Additional capacity on parallel road (5600 S) in 2028,1693361402174,678
3308_002.0,bill,0,-500,0,0,0,Additional capacity on parallel road (5600 S) in 2028,1693361416651,679
3308_002.0,bill,0,-500,0,500,0,Additional capacity on parallel road (5600 S) in 2028,1693361422488,680
3308_002.5,bill,0,-500,500,500,0,Additional capacity on parallel road (5600 S) in 2028,1693361439535,681
3308_002.5,bill,0,-500,0,500,0,Additional capacity on parallel road (5600 S) in 2028,1693361451542,682
3308_002.7,bill,0,-500,0,0,0,,1693361531468,683
3308_002.7,bill,0,-1000,0,0,0,,1693361541342,684
3308_002.7,bill,0,-1000,0,0,0,Additional capacity on parallel road (5600 S) in 2028,1693361566493,685
3308_000.5,bill,-500,0,500,0,0,Shifted from parallel segment to north,1693361675974,686
3308_002.7,bill,0,-1500,-500,0,0,Additional capacity on parallel road (5600 S) in 2028,1693361691818,687
3308_002.7,bill,0,0,1500,0,500,Additional capacity on parallel road (5600 S) in 2028,1693361723857,688
3308_002.7,bill,0,0,1500,1500,1000,Additional capacity on parallel road (5600 S) in 2028,1693361737785,689
3308_002.7,bill,0,0,1500,1500,2000,Additional capacity on parallel road (5600 S) in 2028,1693361753863,690
3308_002.7,bill,0,0,1000,1000,1500,Additional capacity on parallel road (5600 S) in 2028,1693361771894,691
3359_000.0,bill,0,0,300,0,0,,1693361807153,692
3359_000.0,bill,0,0,300,0,0,Adjust for area type change,1693361823597,693
3359_000.5,bill,0,-3000,0,0,0,,1693361868214,694
3359_000.5,bill,0,-3000,500,0,0,,1693361874150,695
3359_000.5,bill,-500,-3000,500,0,0,,1693361883775,696
3359_000.5,bill,-500,-2500,500,0,0,,1693361892431,697
3359_000.5,bill,-500,-2000,500,0,0,,1693361899169,698
3359_000.5,bill,-500,-2000,1200,0,0,,1693361909060,699
3359_000.5,bill,-500,-2400,1200,0,0,,1693361916316,700
3359_000.5,bill,-500,-2300,1100,0,0,,1693361924220,701
3359_000.5,bill,-500,-2300,1100,300,100,,1693361936214,702
3359_000.5,bill,-500,-2300,1100,300,100,Smoothing,1693361942385,703
0134_000.0,bill,0,-4000,-4000,-4000,0,WHY JUMP in 2028?!! West Weber extension in 2050.,1693362014037,704
0134_000.0,bill,0,0,0,-4000,0,West Weber extension in 2028 and West Weber extension in 2050.,1693362084990,705
0134_000.0,bill,0,0,0,0,0,West Weber extension in 2028 and West Weber extension in 2050.,1693362093078,706
0134_001.0,bill,0,-3000,-3000,-3000,0,WHY JUMP in 2028?!! West Weber extension in 2050.,1693362129121,707
0134_003.0,bill,0,-1000,-1000,-1000,0,West Weber in 2042 and further in 2050,1693362195121,708
3442_000.0,bill,0,0,0,0,0,None,1693362273544,709
3442_001.3,bill,0,0,0,0,0,None,1693362287204,710
3370_000.0,bill,0,0,0,0,0,None,1693362297511,711
3440_000.4,bill,0,0,0,0,0,None,1693362321620,712
3440_000.0,bill,0,0,0,0,0,High growth area,1693362334747,713
3440_000.4,bill,0,0,0,0,0,High growth area,1693362343539,714
3440_001.6,bill,0,0,0,0,0,High growth area,1693362351479,715
3440_002.7,bill,0,0,0,0,0,High growth area,1693362357734,716
3440_003.6,bill,0,0,0,0,0,High growth area,1693362364488,717
3440_003.8,bill,0,0,0,0,0,High growth area,1693362371361,718
3440_003.9,bill,0,0,0,0,0,None,1693362378115,719
3440_004.8,bill,0,1000,500,500,0,,1693362423165,720
3440_004.8,bill,0,1100,500,500,0,,1693362433122,721
3440_004.8,bill,0,1100,500,500,0,Adjust for area type change,1693362443947,722
3440_005.3,bill,100,1200,1200,1200,0,WHY DROP in 2028?!!,1693362539000,723
3440_005.3,bill,100,1400,1200,1200,0,WHY DROP in 2028?!!,1693362549341,724
3440_005.3,bill,100,1400,1100,1000,0,WHY DROP in 2028?!!,1693362558748,725
3440_005.3,bill,100,1400,900,1000,0,WHY DROP in 2028?!!,1693362570189,726
WFRC_8080,bill,100,1500,400,400,0,WHY DROP in 2028?!!,1693362591407,727
WFRC_8080,bill,100,1500,1000,400,0,WHY DROP in 2028?!!,1693362600464,728
WFRC_8080,bill,100,1500,1000,1000,500,WHY DROP in 2028?!!,1693362611221,729
3368_001.7,bill,200,1100,0,-600,0,Smoothing,1693362636573,730
3368_001.7,bill,200,1100,600,-600,0,Smoothing,1693362643562,731
3368_001.7,bill,200,1200,700,-600,0,Smoothing,1693362657405,732
3368_001.2,bill,200,1200,700,-600,0,New connectivity in 2042,1693362683107,733
3368_001.2,bill,200,1200,1000,-600,0,New connectivity in 2042,1693362701721,734
3368_001.2,bill,200,1200,1200,-600,0,New connectivity in 2042,1693362718717,735
3362_000.0,bill,0,0,0,0,0,None,1693362779177,736
3362_000.5,bill,0,0,0,0,0,High growth area,1693362799542,737
3362_000.0,bill,0,0,0,0,0,High growth area,1693362806115,738
3362_001.5,bill,0,0,0,0,0,High growth area,1693362812471,739
3362_002.5,bill,0,0,0,0,0,High growth area,1693362818257,740
3358_001.9,bill,0,3000,3000,0,0,Shifted from west,1693362869294,741
3358_001.9,bill,0,1000,3000,0,0,Shifted from west,1693362879669,742
3358_001.9,bill,0,1500,1500,0,0,Shifted from west,1693362888675,743
3358_001.9,bill,-500,1500,1200,0,0,Shifted from west,1693362904103,744
3358_001.9,bill,-500,1500,1200,200,0,Shifted from west,1693362910290,745
3358_001.4,bill,-200,1000,500,500,0,Shifted from west,1693362943733,746
3358_000.9,bill,-300,1000,500,0,0,Shifted from west,1693362977108,747
3358_002.9,bill,-500,1000,1000,0,0,Shifted from west,1693363000424,748
3358_003.9,bill,-600,1000,-500,500,0,,1693363023825,749
0039_004.0,bill,0,0,0,0,0,None,1693363062071,750
0039_004.3,bill,0,0,0,0,0,None,1693363070058,751
0204_001.5,bill,500,0,0,0,0,New connectivity in 2042,1693363114242,752
0204_001.8,bill,500,0,0,0,0,New connectivity in 2042,1693363123265,753
0204_002.1,bill,0,0,0,0,0,New connectivity in 2042,1693363131706,754
0204_002.4,bill,0,0,0,0,0,New connectivity in 2042,1693363139110,755
0204_002.5,bill,0,0,0,0,0,New connectivity in 2042,1693363147050,756
0204_002.7,bill,0,0,0,0,0,New connectivity in 2042,1693363157675,757
0204_003.1,bill,0,0,0,0,0,New connectivity in 2042,1693363162395,758
0204_003.6,bill,0,0,0,0,0,New connectivity in 2042,1693363167098,759
0204_003.6,bill,1000,0,0,0,0,New connectivity in 2042,1693363180156,760
0204_004.1,bill,1000,0,0,0,0,New connectivity in 2042,1693363192634,761
0204_004.6,bill,1000,0,0,0,0,New connectivity in 2042,1693363202891,762
0204_004.6,bill,1000,0,0,0,0,Smoothing,1693363227376,763
0204_005.1,bill,0,0,0,0,0,None,1693363235748,764
0235_000.0,bill,0,0,0,0,0,Additional connectivity in 2050,1693363259088,765
3448_000.0,bill,500,500,500,500,0,,1693363287403,766
3448_000.0,bill,500,500,500,500,0,Smoothing,1693363294691,767
0235_001.1,bill,500,0,0,0,0,,1693363312805,768
0235_001.1,bill,500,0,0,0,0,Smoothing,1693363325180,769
3436_000.0,bill,0,0,200,-200,0,,1693363352919,770
3436_000.0,bill,0,0,200,-200,0,Smoothing,1693363360975,771
3436_001.3,bill,0,0,0,-200,0,,1693363403686,772
3436_001.3,bill,0,0,0,-200,0,Smoothing,1693363408491,773
0235_001.2,bill,0,0,0,-1000,0,WHY SO FAR DROP 2050,1693363466083,774
0235_001.2,bill,0,0,0,-1000,2000,WHY SO FAR DROP 2050,1693363470952,775
0235_001.2,bill,0,0,0,-1000,2000,Smoothing,1693363476304,776
3450_000.0,bill,0,0,0,0,-2000,WHY SO FAR JUMP 2050,1693363492752,777
3450_000.0,bill,0,0,0,0,-3000,WHY SO FAR JUMP 2050,1693363506129,778
3454_000.0,bill,0,0,0,0,500,None,1693363529128,779
3452_000.0,bill,500,500,0,0,1000,Additional capacity on parallel facility in 2050,1693363543055,780
3361_000.0,bill,0,0,0,0,0,None,1693363572027,781
3361_000.2,bill,0,0,0,0,0,None,1693363578231,782
3361_000.9,bill,0,0,0,0,0,None,1693363584518,783
3361_001.0,bill,0,0,0,0,0,None,1693363590790,784
3361_001.3,bill,0,0,0,0,0,None,1693363596662,785
3361_001.6,bill,100,200,300,0,0,Smoothing,1693363613457,786
3361_001.9,bill,0,0,0,0,0,None,1693363624464,787
3361_002.2,bill,-100,0,0,0,0,,1693363636775,788
3361_002.2,bill,-100,0,0,0,0,Smoothing,1693363643446,789
3361_002.3,bill,-100,-200,0,0,0,,1693363661124,790
3361_002.3,bill,-100,-200,0,0,0,Smoothing,1693363668981,791
3361_002.5,bill,0,-500,0,0,0,,1693363682508,792
3361_002.5,bill,0,-400,0,0,0,,1693363686412,793
3361_002.5,bill,0,-300,0,0,0,,1693363691432,794
3361_002.5,bill,0,-300,0,100,0,Smoothing,1693363699920,795
3361_002.9,bill,0,0,100,100,0,,1693363714531,796
3361_002.9,bill,0,0,100,200,0,,1693363721187,797
3361_002.9,bill,0,0,100,200,0,Smoothing,1693363728692,798
3360_001.7,bill,0,0,0,0,0,None,1693363740783,799
3360_002.0,bill,0,0,0,0,0,None,1693363747106,800
3360_002.1,bill,500,300,300,0,0,None,1693363764218,801
3360_002.1,bill,500,300,300,0,0,Smoothing,1693363772092,802
3360_002.3,bill,800,800,800,800,0,Adjust for area type change,1693363805598,803
3360_002.3,bill,800,800,1100,800,0,Adjust for area type change,1693363813688,804
3360_002.3,bill,800,700,900,600,0,Adjust for area type change,1693363831352,805
3360_002.3,bill,800,700,900,400,0,Adjust for area type change,1693363839974,806
3360_002.7,bill,400,200,400,0,0,,1693363861490,807
3360_002.7,bill,400,200,700,0,0,,1693363868295,808
3360_002.7,bill,400,200,500,200,0,,1693363877219,809
3360_002.7,bill,400,200,600,200,0,,1693363885106,810
3360_002.7,bill,400,200,600,200,0,Smoothing,1693363893297,811
3442_004.5,bill,0,0,0,-500,0,Smoothing,1693363923786,812
3442_003.4,bill,0,0,0,0,0,None,1693363934943,813
3354_001.7,bill,0,0,0,-100,0,Smoothing,1693363953791,814
3354_002.6,bill,0,0,0,-500,0,Smoothing,1693363965799,815
3354_003.7,bill,0,0,0,0,0,None,1693363978109,816
3354_004.1,bill,0,0,0,0,0,None,1693363995205,817
3354_000.0,bill,0,0,0,0,0,None,1693364007683,818
3350_000.0,bill,0,0,0,0,0,New connectivity in 2050,1693364029547,819
3350_000.3,bill,0,0,0,0,0,NO MODEL DATA,1693364045559,820
3354_000.4,bill,0,0,0,0,0,None,1693364079266,821
3354_000.5,bill,500,0,0,0,0,Smoothing,1693364088257,822
3354_000.6,bill,500,0,0,0,0,,1693364094811,823
3354_000.6,bill,500,0,0,0,0,Smoothing,1693364099465,824
3354_001.4,bill,0,0,0,0,0,New connectivity in 2050,1693364117962,825
3354_001.4,bill,0,0,500,0,0,New connectivity in 2050,1693364124134,826
3408_000.0,bill,0,0,0,0,0,NO MODEL DATA,1693364139511,827
3408_000.7,bill,0,0,0,0,0,NO MODEL DATA,1693364155439,828
3408_000.6,bill,0,0,0,0,0,NO MODEL DATA,1693364161745,829
3408_000.9,bill,0,0,0,0,0,NO MODEL DATA,1693364171417,830
3408_001.1,bill,0,0,0,0,0,NO MODEL DATA,1693364187780,831
3408_001.4,bill,0,0,0,0,0,NO MODEL DATA,1693364196135,832
3408_001.7,bill,0,0,0,0,0,NO MODEL DATA,1693364207079,833
3408_002.0,bill,0,0,0,0,0,NO MODEL DATA,1693364215850,834
3410_001.4,bill,0,0,0,0,0,None,1693364255996,835
3392_000.0,bill,0,0,0,0,0,None,1693364267606,836
3400_001.0,bill,0,0,0,0,100,,1693364281015,837
3400_001.0,bill,0,0,0,0,100,Smoothing,1693364285401,838
3400_001.6,bill,0,-100,-100,-100,0,Smoothing,1693364301030,839
3344_001.5,bill,0,0,0,800,800,,1693364346213,840
3344_001.5,bill,0,0,0,800,800,Maintain volumes through 2050,1693364382007,841
3366_000.5,bill,0,0,0,0,0,High growth area,1693364418067,842
3358_003.9,bill,-600,1000,-500,500,0,High growth area,1693364425355,843
3316_000.0,bill,0,0,0,0,0,None,1693364438549,844
3327_000.4,bill,0,0,0,0,0,NO MODEL DATA,1693364455643,845
WFRC_8055,bill,0,0,0,2500,2500,Maintain through 2050,1693364482398,846
WFRC_8053,bill,0,0,0,0,0,NO MODEL DATA,1693364494973,847
WFRC_8214,bill,0,0,0,0,0,NO MODEL DATA,1693364565375,848
0126_019.7,bill,200,0,500,-500,0,Smoothing,1693364603170,849
3436_000.7,bill,0,-500,2500,1000,0,,1693364800872,850
3436_000.7,bill,0,-500,2300,1000,0,,1693364807795,851
3436_000.7,bill,0,-500,2000,1500,0,,1693364821787,852
3436_000.7,bill,0,-500,2000,1200,0,,1693364828676,853
3436_000.7,bill,0,-500,2000,1200,0,Smoothing,1693364840117,854
3306_004.8,bill,0,0,0,-1000,0,West Weber extension in 2050... Why is 2042 so high on 2-lane road!!,1693364886384,855
1492_003.0,bill,0,100,0,0,0,,1693364950381,856
0108_007.5,bill,0,0,-6000,-6000,-3000,,1693364970996,857
0108_007.5,bill,0,0,-9000,-9000,-9000,,1693364982122,858
0108_007.5,bill,0,0,-9000,-9000,-7000,,1693364989893,859
0108_008.0,bill,0,0,-6000,-6000,-5000,,1693365013878,860
0108_008.0,bill,0,0,-9000,-9000,-7000,,1693365023968,861
3310_000.0,bill,800,0,1000,1000,0,New 1800 N interchange in 2028,1693365068268,862
3310_000.0,bill,800,0,900,1100,0,New 1800 N interchange in 2028,1693365081476,863
3310_000.0,bill,800,0,900,1600,200,New 1800 N interchange in 2028,1693365090900,864
3310_000.0,bill,800,0,900,1700,100,New 1800 N interchange in 2028,1693365105193,865
0097_005.1,bill,-2000,3000,3000,0,0,New 1800 N interchange in 2028,1693365146156,866
0097_005.1,bill,-2000,3000,6000,0,0,New 1800 N interchange in 2028,1693365154313,867
0097_005.1,bill,-2000,3000,6000,6000,500,New 1800 N interchange in 2028,1693365179331,868
0097_005.1,bill,-2000,1500,7000,6000,500,New 1800 N interchange in 2028,1693365192292,869
0097_005.1,bill,-2000,1500,7500,5500,0,New 1800 N interchange in 2028,1693365201830,870
0097_005.1,bill,-2000,1500,7500,6500,0,New 1800 N interchange in 2028,1693365207253,871
0097_004.4,bill,0,-4000,0,0,0,Smoothing,1693365236389,872
0097_004.1,bill,0,-4000,0,0,0,Smoothing,1693365246218,873
0097_003.6,bill,0,-4000,0,0,0,Smoothing,1693365253853,874
0097_003.1,bill,0,-3000,1000,0,0,Smoothing,1693365286726,875
0108_007.0,bill,0,-4000,-4000,-4000,0,,1693365404229,876
0108_006.5,bill,0,-4000,-4000,-4000,0,,1693365423643,877
0108_006.0,bill,0,-3000,-3000,-3000,0,,1693365454449,878
0108_007.0,bill,0,-5000,-5000,-5000,0,,1693365473730,879
0013_000.0,bill,0,0,0,0,0,Smoothing,1693408135967,880
0013_000.0,bill,0,0,-500,0,0,Smoothing,1693408158366,881
3381_000.0,bill,0,-500,500,-500,0,Additional capacity in 2028,1693433494054,882
0015_311.8,bill,20,30,40,50,60,Test!,1693520479067,883
